preset,seed,solid_probability,rho_min,penal,lambda_min,lambda_max,kappa,kappa_times_eps,rel_residual,converged,n_free,eig_time_s
cantilever_3d,7,0.1,1e-12,4.5,3.295903827532873e-16,4.804159464576957,1.4576151841703096e+16,3.2365558770182314,0.011726244755786543,0,6552,0.2473360999720171
cantilever_3d,7,0.1,1e-10,4.5,3.1241537857546755e-14,4.804159464799174,153774743314650.03,0.034144852126749566,0.00011194596053519193,0,6552,0.2518483999883756
cantilever_3d,7,0.1,1e-08,4.5,3.121198051662598e-12,4.804159487020938,1539203667150.1382,0.0003417718701715118,1.043188049444546e-06,1,6552,0.25176619994454086
cantilever_3d,7,0.1,1e-06,4.5,3.120817371160256e-10,4.804161709198523,15393921328.412863,3.4181371796144472e-06,1.1208126870222477e-08,1,6552,0.25022109993733466
cantilever_3d,7,0.1,1e-05,4.5,3.1176834206866735e-09,4.804181910888229,1540946036.7307281,3.421587539366673e-07,1.0947855776302517e-09,1,6552,0.24813409999478608
cantilever_3d,7,0.1,0.0001,4.5,3.089229806965665e-08,4.804383935251732,155520444.75353366,3.453247571306354e-08,1.1781571258895055e-10,1,6552,0.2501536998897791
cantilever_3d,7,0.1,0.001,4.5,2.9227947313020137e-07,4.806404925976786,16444551.76582203,3.6514240000111788e-09,1.0972221068939403e-11,1,6552,0.4681576000293717
cantilever_3d,7,0.1,0.01,4.5,2.5476017920128233e-06,4.826689995777393,1894601.4290419756,4.206860258020252e-10,1.3933041971199697e-12,1,6552,0.46667260001413524
cantilever_3d,7,0.12,1e-12,4.5,3.5920424504204463e-16,4.814706079391712,1.3403811747347678e+16,2.9762440839293087,0.008679480167081881,0,6552,0.48120539996307343
cantilever_3d,7,0.12,1e-10,4.5,3.8029762986787377e-14,4.814706079614153,126603630984682.16,0.028111653224068202,9.131545003042193e-05,0,6552,0.48348940000869334
cantilever_3d,7,0.12,1e-08,4.5,3.801035024887862e-12,4.814706101858367,1266682908821.7651,0.0002812601060546183,8.647095819122497e-07,1,6552,0.4891440999926999
cantilever_3d,7,0.12,1e-06,4.5,3.800026375507229e-10,4.814708326280804,12670197126.297932,2.8133489152310912e-06,9.176063301474258e-09,1,6552,0.49462260003201663
cantilever_3d,7,0.12,1e-05,4.5,3.7914216674483256e-09,4.814728548378341,1269900573.1057906,2.819745710493461e-07,8.748155198494186e-10,1,6552,0.48742409993428737
cantilever_3d,7,0.12,0.0001,4.5,3.7241416945805455e-08,4.814930776825722,129289677.2384498,2.8708075303296398e-08,9.647498265571014e-11,1,6552,0.46912050002720207
cantilever_3d,7,0.12,0.001,4.5,3.4437634361374037e-07,4.816953808951249,13987470.098567642,3.105842271937141e-09,1.1293551156538252e-11,1,6552,0.45538409997243434
cantilever_3d,7,0.12,0.01,4.5,2.871162697118417e-06,4.837259353983068,1684773.6837894567,3.7409490700511954e-10,1.4190695571544916e-12,1,6552,0.4675332000479102
cantilever_3d,7,0.15,1e-12,4.5,1.528631879977053e-14,5.208082966048756,340702234087054.1,0.07565109296493547,0.0003470725384877197,0,6552,0.5022962000221014
cantilever_3d,7,0.15,1e-10,4.5,1.5294641521546607e-12,5.208082966243079,3405168378027.0996,0.000756099267202237,3.475544729988393e-06,0,6552,0.4816179999615997
cantilever_3d,7,0.15,1e-08,4.5,1.5270288141528903e-10,5.208082985673579,34105990256.396904,7.573051132058618e-06,3.8566305005685613e-08,1,6552,0.4887433999683708
cantilever_3d,7,0.15,1e-06,4.5,1.3629582432665221e-08,5.208084928725567,382116250.0359259,8.484685177466165e-08,4.562650573326564e-10,1,6552,0.4870871000457555
cantilever_3d,7,0.15,1e-05,4.5,7.927543837087137e-08,5.208102592909837,65696295.09388472,1.4587507889159906e-08,1.1463486711575147e-10,1,6552,0.47959429991897196
cantilever_3d,7,0.15,0.0001,4.5,1.7018571949483646e-07,5.208279242213513,30603503.382500526,6.7953428178891885e-09,3.974730745870713e-11,1,6552,0.4661180000985041
cantilever_3d,7,0.15,0.001,4.5,5.628699100945152e-07,5.210046481826957,9256217.801644618,2.055293224866221e-09,8.267342010233891e-12,1,6552,0.46465040009934455
cantilever_3d,7,0.15,0.01,4.5,3.566066095774154e-06,5.227794031399693,1465983.4930134113,3.255137255327803e-10,1.253428503823934e-12,1,6552,0.45812570000998676
cantilever_3d,7,0.18,1e-12,4.5,3.6322173176405174e-14,5.3017843195757255,145965504151600.6,0.03241085270202517,0.0002227475839476683,0,6552,0.4794840000104159
cantilever_3d,7,0.18,1e-10,4.5,3.6345109913507404e-12,5.30178431976906,1458733879849.594,0.0003239039880419612,2.1825452841346005e-06,0,6552,0.47552690003067255
cantilever_3d,7,0.18,1e-08,4.5,3.632492078767326e-10,5.301784339102835,14595446388.150084,3.2408401269612605e-06,2.3847599299772594e-08,1,6552,0.4869031000416726
cantilever_3d,7,0.18,1e-06,4.5,3.4126172174743796e-08,5.301786272480127,155358363.8191889,3.4496486516031076e-08,2.8867919177561535e-10,1,6552,0.4770499999867752
cantilever_3d,7,0.18,1e-05,4.5,1.750707706312187e-07,5.301803848713139,30283775.124753572,6.724348883214398e-09,4.137647681768368e-11,1,6552,0.48542240005917847
cantilever_3d,7,0.18,0.0001,4.5,3.3041719721993635e-07,5.301979618549054,16046318.60314427,3.5629984747363495e-09,1.3269994693768396e-11,1,6552,0.47065179992932826
cantilever_3d,7,0.18,0.001,4.5,9.236604752489767e-07,5.303738068020508,5742086.199575513,1.2749992616302192e-09,3.89986594771265e-12,1,6552,0.46804780000820756
cantilever_3d,7,0.18,0.01,4.5,4.592770540811356e-06,5.3213982120058905,1158646.65232455,2.5727123816311483e-10,1.0102264511540103e-12,1,6552,0.454635199974291
cantilever_3d,7,0.2,1e-12,4.5,1.4638374798233043e-13,5.343292378168524,36501950877863.15,0.008105061261668023,1.0979871291011576e-05,0,6552,0.6030809000367299
cantilever_3d,7,0.2,1e-10,4.5,1.4638365406931367e-11,5.34329237836861,365019742972.02094,8.105066461805886e-05,1.150561509242663e-07,1,6552,0.6250817000400275
cantilever_3d,7,0.2,1e-08,4.5,1.4636946439991032e-09,5.343292398376759,3650551308.8288875,8.105852231274663e-07,1.4378804649047484e-09,1,6552,0.5938299000263214
cantilever_3d,7,0.2,1e-06,4.5,1.4460624622414465e-07,5.343294399192448,36950647.28331415,8.204691877747673e-09,1.8467757401357116e-11,1,6552,0.6104801999172196
cantilever_3d,7,0.2,1e-05,4.5,4.6613103782275117e-07,5.343312588508326,11463112.633448256,2.5453223159051533e-09,1.2341026810267377e-11,1,6552,0.4842591999331489
cantilever_3d,7,0.2,0.0001,4.5,6.088076198109269e-07,5.343494489816208,8776983.592083981,1.9488818541377698e-09,6.6724206748308e-12,1,6552,0.4784962999401614
cantilever_3d,7,0.2,0.001,4.5,1.3300648571399962e-06,5.345314318397368,4018837.3444369156,8.923611504034569e-10,3.014326328147434e-12,1,6552,0.4818366999970749
cantilever_3d,7,0.2,0.01,4.5,5.513526754623859e-06,5.363594748494953,972806.5151759412,2.1600643833073833e-10,9.008807075135342e-13,1,6552,0.4746433000545949
cantilever_3d,7,0.35,1e-12,4.5,2.1278740366314148e-13,6.643444077139441,31221040168601.87,0.006932463529585735,7.179305499203568e-13,1,6552,0.599297899985686
cantilever_3d,7,0.35,1e-10,4.5,2.1278740070690955e-11,6.643444077252965,312210406028.8585,6.93246362601615e-05,6.786517487508436e-13,1,6552,0.6060912000248209
cantilever_3d,7,0.35,1e-08,4.5,2.1278728858610122e-09,6.643444088603172,3122105710.7060227,6.932467290679029e-07,6.595128385276337e-13,1,6552,0.6133709000423551
cantilever_3d,7,0.35,1e-06,4.5,2.1277589383932212e-07,6.643445223626041,31222734.416723184,6.932839728240477e-09,7.133192871555037e-13,1,6552,0.6003545999992639
cantilever_3d,7,0.35,1e-05,4.5,2.1265139878536283e-06,6.643455542100328,3124106.2038843306,6.936909277853355e-10,6.476147627669947e-13,1,6552,0.6178132999921218
cantilever_3d,7,0.35,0.0001,4.5,9.754822789131964e-06,6.643558735207698,681053.7596448614,1.512243129930505e-10,6.792227760814408e-13,1,6552,0.49381589994300157
cantilever_3d,7,0.35,0.001,4.5,1.0638622763093444e-05,6.644591503558782,624572.5270576943,1.3868296001755415e-10,6.569016059558688e-13,1,6552,0.48069459991529584
cantilever_3d,7,0.35,0.01,4.5,1.594089811515013e-05,6.6550037406048235,417479.8491610676,9.269914817113092e-11,5.159583845732134e-13,1,6552,0.5124368999386206
cantilever_3d,13,0.1,1e-12,4.5,5.525269660580345e-16,4.569864976706333,8270845148626353.0,1.8364965434228504,0.007812952692624305,0,6552,0.4859288999577984
cantilever_3d,13,0.1,1e-10,4.5,5.4008859270558015e-14,4.569864976966407,84613247505814.1,0.01878791511385238,8.019867797100314e-05,0,6552,0.5041328000370413
cantilever_3d,13,0.1,1e-08,4.5,5.397279370118317e-12,4.569865002974014,846697880468.2173,0.0001880046963594267,8.113871330709558e-07,1,6552,0.4810207000700757
cantilever_3d,13,0.1,1e-06,4.5,5.376277969629198e-10,4.569867603734338,8500058273.678737,1.8873920812187387e-06,7.740896722678617e-09,1,6552,0.5058148000389338
cantilever_3d,13,0.1,1e-05,4.5,5.201395794844054e-09,4.569891247082199,878589407.0226609,1.9508603777366426e-07,7.546081641284511e-10,1,6552,0.4930703000864014
cantilever_3d,13,0.1,0.0001,4.5,4.252800013726256e-08,4.570127687718448,107461617.59236248,2.386127242290092e-08,7.818272537543907e-11,1,6552,0.47078799991868436
cantilever_3d,13,0.1,0.001,4.5,3.015247016602108e-07,4.572492810254336,15164571.211174246,3.367211223442689e-09,8.792438173241521e-12,1,6552,0.45966449996922165
cantilever_3d,13,0.1,0.01,4.5,2.4971383273527664e-06,4.596216076895643,1840593.3009598725,4.0869381233929415e-10,1.200943869669991e-12,1,6552,0.46149580006022006
cantilever_3d,13,0.12,1e-12,4.5,9.094793992448553e-16,4.651461234020151,5114421764673592.0,1.1356297601569292,0.0045514037876712675,0,6552,0.5100574000971392
cantilever_3d,13,0.12,1e-10,4.5,9.140590825708022e-14,4.6514612342868356,50887971280855.77,0.01129939947849396,4.50701667458207e-05,0,6552,0.48395369993522763
cantilever_3d,13,0.12,1e-08,4.5,9.138230651239372e-12,4.651461260955273,509011146520.40643,0.00011302317893156087,5.511295594580202e-07,1,6552,0.48913360002916306
cantilever_3d,13,0.12,1e-06,4.5,9.068114770967457e-10,4.651463927800289,5129471831.005547,1.1389715461897035e-06,4.494350560770895e-09,1,6552,0.49577469995711
cantilever_3d,13,0.12,1e-05,4.5,8.515765866621542e-09,4.65148817191981,546220768.0170983,1.2128537463620377e-07,4.936135000823914e-10,1,6552,0.5055743999546394
cantilever_3d,13,0.12,0.0001,4.5,6.19457920518532e-08,4.6517306204512305,75093569.17347006,1.667412189953367e-08,6.004789117223523e-11,1,6552,0.49544369999784976
cantilever_3d,13,0.12,0.001,4.5,3.9431746929269274e-07,4.654155839777811,11803067.838019468,2.620807534996376e-09,6.537450254641944e-12,1,6552,0.4790964999701828
cantilever_3d,13,0.12,0.01,4.5,2.942196207418198e-06,4.678481840983089,1590132.5102612707,3.5308034501941214e-10,1.141101307626866e-12,1,6552,0.4662775000324473
cantilever_3d,13,0.15,1e-12,4.5,2.6527961448007163e-15,4.862755330279912,1833067851749766.5,0.40702282694255276,0.0020692710716381504,0,6552,0.49132899998221546
cantilever_3d,13,0.15,1e-10,4.5,2.668402172929421e-13,4.8627553305355615,18223472383089.613,0.004046423725665352,2.0183032898454553e-05,0,6552,0.48418729996774346
cantilever_3d,13,0.15,1e-08,4.5,2.667210716956546e-11,4.86275535610109,182316129925.0401,4.048231304066621e-05,2.260317176270994e-07,1,6552,0.4717753001023084
cantilever_3d,13,0.15,1e-06,4.5,2.5677997449601094e-09,4.862757912653997,1893744994.016089,4.2049585902505825e-07,2.1740353038410676e-09,1,6552,0.48994930007029325
cantilever_3d,13,0.15,1e-05,4.5,1.975047225174971e-08,4.862781154121726,246210880.03052324,5.466979758462181e-08,2.3772169959114505e-10,1,6552,0.4892414999194443
cantilever_3d,13,0.15,0.0001,4.5,9.2300913306953e-08,4.8630135764957085,52686516.332979545,1.1698756704032652e-08,3.2181284888092225e-11,1,6552,0.4810138999018818
cantilever_3d,13,0.15,0.001,4.5,4.7524666470901803e-07,4.865338570361985,10237501.768352048,2.27318203557304e-09,4.986498379721553e-12,1,6552,0.4761134000727907
cantilever_3d,13,0.15,0.01,4.5,3.2813474013994715e-06,4.8886659809687485,1489834.9314930101,3.308098087668765e-10,9.68177235296397e-13,1,6552,0.47150710003916174
cantilever_3d,13,0.18,1e-12,4.5,7.014803889153305e-15,5.104785744193759,727716102240160.0,0.16158543441950002,0.001049229105801872,0,6552,0.49025769997388124
cantilever_3d,13,0.18,1e-10,4.5,7.050901709969156e-13,5.104785744481861,7239904844034.751,0.0016075818107885167,9.452175082057446e-06,0,6552,0.48743300000205636
cantilever_3d,13,0.18,1e-08,4.5,7.04861033927211e-11,5.104785773290647,72422584418.50261,1.608104414485614e-05,1.2573241687408904e-07,1,6552,0.4969870999921113
cantilever_3d,13,0.18,1e-06,4.5,6.8278727804249586e-09,5.104788654169787,747639684.9110699,1.660093584623534e-07,1.2712771376225635e-09,1,6552,0.4974685999331996
cantilever_3d,13,0.18,1e-05,4.5,5.3782146911686924e-08,5.10481484405162,94916531.54780138,2.1075703748385827e-08,1.4139319571799422e-10,1,6552,0.4928150000050664
cantilever_3d,13,0.18,0.0001,4.5,2.1484628018212317e-07,5.105076749949684,23761531.945641126,5.2761199732833944e-09,2.0586383154978065e-11,1,6552,0.494520099950023
cantilever_3d,13,0.18,0.001,4.5,7.470633796771053e-07,5.107696517309474,6837032.380729351,1.518126153838695e-09,4.5503607267788394e-12,1,6552,0.4671514999354258
cantilever_3d,13,0.18,0.01,4.5,4.067576020464266e-06,5.133965440080593,1262168.282596624,2.8025765765807264e-10,9.475304697704319e-13,1,6552,0.4691447999794036
cantilever_3d,13,0.2,1e-12,4.5,1.3592077313929873e-14,5.505812414939918,405075124852127.8,0.08994474606274845,0.00047655027524856836,0,6552,0.4762600000249222
cantilever_3d,13,0.2,1e-10,4.5,1.3620910043332396e-12,5.505812415192034,4042176622322.8213,0.0008975435111408683,4.530335731483643e-06,0,6552,0.47440970002207905
cantilever_3d,13,0.2,1e-08,4.5,1.3617699773476878e-10,5.5058124404021545,40431295534.40293,8.977551043543681e-06,5.1575644655379935e-08,1,6552,0.47704799997154623
cantilever_3d,13,0.2,1e-06,4.5,1.3301115785512107e-08,5.505814961415849,413936323.10252607,9.191232732742051e-08,4.995627277835361e-10,1,6552,0.4828717999625951
cantilever_3d,13,0.2,1e-05,4.5,1.0885671589144526e-07,5.505837879791322,50578761.58308768,1.1230741133314056e-08,6.043198729007782e-11,1,6552,0.48109320004004985
cantilever_3d,13,0.2,0.0001,4.5,3.936205741454403e-07,5.50606707040372,13988260.350357762,3.106017743083669e-09,1.2895908029528245e-11,1,6552,0.4641152999829501
cantilever_3d,13,0.2,0.001,4.5,1.0656781377392652e-06,5.508359662667679,5168877.419549152,1.1477213445297068e-09,4.398001103886949e-12,1,6552,0.4715678000357002
cantilever_3d,13,0.2,0.01,4.5,4.796446954251332e-06,5.5313545723604225,1153219.169339026,2.5606609484785683e-10,9.170629183711555e-13,1,6552,0.48065450007561594
cantilever_3d,13,0.35,1e-12,4.5,1.882391956088102e-13,6.713566392789537,35665082243239.89,0.007919239096318951,4.853944431291767e-09,1,6552,0.6231650999980047
cantilever_3d,13,0.35,1e-10,4.5,1.882391941407429e-11,6.713566392971957,356650825223.5903,7.919239158295849e-05,6.034881822525046e-11,1,6552,0.5350473000435159
cantilever_3d,13,0.35,1e-08,4.5,1.8823908031010286e-09,6.71356641121353,3566510418.640847,7.919243968681149e-07,7.543100072987494e-13,1,6552,0.5284466000739485
cantilever_3d,13,0.35,1e-06,4.5,1.88227589218249e-07,6.713568235372887,35667291.193898976,7.919729581895346e-09,4.7575674829734e-13,1,6552,0.537430900032632
cantilever_3d,13,0.35,1e-05,4.5,1.8811140270154378e-06,6.713584818697277,3568940.916010819,7.924640756964016e-10,4.70002531477833e-13,1,6552,0.5497133999597281
cantilever_3d,13,0.35,0.0001,4.5,1.1657651061381311e-05,6.7137506576371395,575909.3853716385,1.2787757194746307e-10,4.5155601722861086e-13,1,6552,0.5256692999973893
cantilever_3d,13,0.35,0.001,4.5,1.2445816165835169e-05,6.7154096169213755,539571.654236365,1.1980897479365926e-10,4.471191308198498e-13,1,6552,0.46712180005852133
cantilever_3d,13,0.35,0.01,4.5,1.6764705845798708e-05,6.732056497092051,401561.2656143995,8.91645125765449e-11,3.3704741508411605e-13,1,6552,0.45761909999419004
cantilever_3d,19,0.1,1e-12,4.5,2.633760392299225e-16,4.304387154357183,1.6343123569412978e+16,3.628902416211272,0.012793393708149399,0,6552,0.4831251000287011
cantilever_3d,19,0.1,1e-10,4.5,2.564715841756078e-14,4.304387154659227,167830957511144.2,0.03726595865475173,0.0001380611528234291,0,6552,0.5134536999976262
cantilever_3d,19,0.1,1e-08,4.5,2.5620930869644056e-12,4.304387184863446,1680027633173.6753,0.00037304107207118415,1.2382246877413469e-06,0,6552,0.5133430999703705
cantilever_3d,19,0.1,1e-06,4.5,2.5614396474346817e-10,4.304390205286708,16804573980.876795,3.7313649905172485e-06,1.3499363132833542e-08,1,6552,0.5132217999780551
cantilever_3d,19,0.1,1e-05,4.5,2.5559184255557052e-09,4.304417663752906,1684098217.1866632,3.739449232901622e-07,1.2640117257434602e-09,1,6552,0.49119259999133646
cantilever_3d,19,0.1,0.0001,4.5,2.51361621199646e-08,4.304692255626437,171254952.72834033,3.802623832001924e-08,1.243185403091623e-10,1,6552,0.48816109995823354
cantilever_3d,19,0.1,0.001,4.5,2.3826257152163463e-07,4.307438896006112,18078537.759821795,4.014241774501891e-09,1.2483300936895224e-11,1,6552,0.47604059998411685
cantilever_3d,19,0.1,0.01,4.5,2.1902020641004857e-06,4.334977957439944,1979259.3699432549,4.394838648432164e-10,1.407260055024402e-12,1,6552,0.4792822999879718
cantilever_3d,19,0.12,1e-12,4.5,2.928112961216748e-16,4.71880554082499,1.611551741113204e+16,3.578363696717277,0.011348292358024738,0,6552,0.4905546000227332
cantilever_3d,19,0.12,1e-10,4.5,3.0191299836480136e-14,4.718805541095534,156296865873717.8,0.03470487583395028,0.00012036330111752204,0,6552,0.48449030006304383
cantilever_3d,19,0.12,1e-08,4.5,3.0178373052461386e-12,4.718805568149863,1563638159004.397,0.0003471974172618346,1.3519622945163887e-06,0,6552,0.47505430004093796
cantilever_3d,19,0.12,1e-06,4.5,3.0173577511140415e-10,4.718808273583461,15638875674.723108,3.472527970665575e-06,1.3156540324192787e-08,1,6552,0.48087650001980364
cantilever_3d,19,0.12,1e-05,4.5,3.013359799290166e-09,4.718832868523638,1565970605.1813717,3.4771532435170986e-07,1.300893563511177e-09,1,6552,0.4835539000341669
cantilever_3d,19,0.12,0.0001,4.5,2.9813810086865946e-08,4.71907882677519,158284996.55111554,3.5146329524752394e-08,1.2658198855170266e-10,1,6552,0.4773451999062672
cantilever_3d,19,0.12,0.001,4.5,2.82219485223512e-07,4.7215392949061705,16730025.891609889,3.7148119894880624e-09,1.3378345500824098e-11,1,6552,0.4486655000364408
cantilever_3d,19,0.12,0.01,4.5,2.477280154497551e-06,4.746233191918115,1915904.9021166358,4.254163470644192e-10,1.4707861162378775e-12,1,6552,0.4750347000081092
cantilever_3d,19,0.15,1e-12,4.5,1.086278752123174e-15,5.029102354745041,4629660982427821.0,1.0279912437800178,0.0049559819941953544,0,6552,0.4965595999965444
cantilever_3d,19,0.15,1e-10,4.5,1.1202030291210489e-13,5.029102355007269,44894561291744.42,0.009968595125307993,5.150441294604517e-05,0,6552,0.5071526999818161
cantilever_3d,19,0.15,1e-08,4.5,1.1201111385219059e-11,5.0291023812292615,448982445426.4105,9.969412971298175e-05,4.8542207359113e-07,1,6552,0.5018736000638455
cantilever_3d,19,0.15,1e-06,4.5,1.109156451820111e-09,5.029105003429994,4534170986.58832,1.006788205379543e-06,5.105299571818131e-09,1,6552,0.5188156000804156
cantilever_3d,19,0.15,1e-05,4.5,1.0279580336399362e-08,5.029128841703414,489234840.05427516,1.0863195677541241e-07,5.62826231167938e-10,1,6552,0.4951926999492571
cantilever_3d,19,0.15,0.0001,4.5,7.513734575639439e-08,5.029367232846887,66935652.067785144,1.4862700418790707e-08,6.58425153185812e-11,1,6552,0.47939180000685155
cantilever_3d,19,0.15,0.001,4.5,4.87404616757924e-07,5.031751985797502,10323562.421848353,2.292291339378217e-09,8.898852240349498e-12,1,6552,0.4639982000226155
cantilever_3d,19,0.15,0.01,4.5,3.2328245183433694e-06,5.055684250852787,1563859.783346213,3.472466277512549e-10,1.2635125601916218e-12,1,6552,0.4740465999348089
cantilever_3d,19,0.18,1e-12,4.5,6.058014534925851e-14,5.39392418724109,89037821816766.42,0.019770367968689233,3.5365807519509056e-05,0,6552,0.4852974000386894
cantilever_3d,19,0.18,1e-10,4.5,6.05899947594079e-12,5.393924187492722,890233479786.7266,0.00019767154131027954,3.523255232535126e-07,1,6552,0.48507559997960925
cantilever_3d,19,0.18,1e-08,4.5,6.053198081845518e-10,5.393924212655377,8910866850.421753,1.978609909341456e-06,3.6203066271443136e-09,1,6552,0.46892999997362494
cantilever_3d,19,0.18,1e-06,4.5,5.197624249876293e-08,5.393926728922309,103776773.18730164,2.3043072602768974e-08,6.469925387539659e-11,1,6552,0.47791980009060353
cantilever_3d,19,0.18,1e-05,4.5,1.3910541395987366e-07,5.393949604157523,38775986.14323855,8.609998523753893e-09,3.812042144714363e-11,1,6552,0.49116940004751086
cantilever_3d,19,0.18,0.0001,4.5,2.716533058986792e-07,5.394178364559924,19856847.855081268,4.409105937037975e-09,1.9543690029221285e-11,1,6552,0.4705337999621406
cantilever_3d,19,0.18,0.001,4.5,8.149024950335557e-07,5.396466774191602,6622223.894368354,1.4704290883501235e-09,5.7511433731286505e-12,1,6552,0.44713149999734014
cantilever_3d,19,0.18,0.01,4.5,3.959808478153701e-06,5.4194320126783255,1368609.6291215548,3.0389238439488926e-10,1.0862776445663482e-12,1,6552,0.4672320999670774
cantilever_3d,19,0.2,1e-12,4.5,6.707627941348462e-14,5.558518632196817,82868618844106.1,0.018400529731922542,3.132366532708276e-05,0,6552,0.5466314000077546
cantilever_3d,19,0.2,1e-10,4.5,6.709920718856369e-12,5.558518632442352,828403026703.6807,0.00018394242278311893,3.6584932385852114e-07,1,6552,0.4751246999949217
cantilever_3d,19,0.2,1e-08,4.5,6.707571363953099e-10,5.558518656997128,8286931819.866948,1.8400685019830272e-06,3.5907619794387388e-09,1,6552,0.4750141999684274
cantilever_3d,19,0.2,1e-06,4.5,6.432286637667713e-08,5.5585211124754315,86415942.34816158,1.918819377792182e-08,4.6653239523847877e-11,1,6552,0.4771203000564128
cantilever_3d,19,0.2,1e-05,4.5,2.6709036452589696e-07,5.55854343508323,20811471.222295914,4.621074905463355e-09,2.3345171187450155e-11,1,6552,0.46223389997612685
cantilever_3d,19,0.2,0.0001,4.5,3.893768503590806e-07,5.558766668867343,14276058.434755657,3.1699217550319807e-09,1.551825465583085e-11,1,6552,0.47642940003424883
cantilever_3d,19,0.2,0.001,4.5,9.807199675510164e-07,5.560999777876013,5670323.804829367,1.2590648090403372e-09,4.919639606499172e-12,1,6552,0.46604100009426475
cantilever_3d,19,0.2,0.01,4.5,4.3773639765386405e-06,5.583408535446166,1275518.4547987243,2.8322199137036913e-10,9.766848691782558e-13,1,6552,0.4788854999933392
cantilever_3d,19,0.35,1e-12,4.5,1.9752884653640344e-13,6.419891788657056,32501034158947.04,0.0072166792894783425,5.275980016745354e-13,1,6552,0.6250616000033915
cantilever_3d,19,0.35,1e-10,4.5,1.975288471521877e-11,6.419891788827918,325010340584.9203,7.21667926717285e-05,5.182092983911616e-13,1,6552,0.6183584000682458
cantilever_3d,19,0.35,1e-08,4.5,1.9752880081778954e-09,6.419891805915046,3250104176.8775153,7.21668097919962e-07,5.062001300009528e-13,1,6552,0.6193581999978051
cantilever_3d,19,0.35,1e-06,4.5,1.9752413933048546e-07,6.419893514627065,32501817.430454344,7.216853210690731e-09,5.416002433901567e-13,1,6552,0.6293993000872433
cantilever_3d,19,0.35,1e-05,4.5,1.9673680591825693e-06,6.419909048444565,3263196.745763984,7.245752322058117e-10,5.628034366676637e-13,1,6552,0.6344256999436766
cantilever_3d,19,0.35,0.0001,4.5,8.833037106578311e-06,6.4200643937356805,726824.1168096537,1.6138737386698436e-10,5.033317038005625e-13,1,6552,0.5487925000488758
cantilever_3d,19,0.35,0.001,4.5,9.69762286940688e-06,6.421618558801955,662184.8101621125,1.4703456455980312e-10,5.254016571862684e-13,1,6552,0.47847059997729957
cantilever_3d,19,0.35,0.01,4.5,1.3695750535207432e-05,6.437231967212519,470016.736261692,1.0436468051138004e-10,3.942502716511498e-13,1,6552,0.47788550006225705
