seed,solid_probability,phase,rho_min,iter,rel_residual
23,0.1,probe,1e-12,0,1.0
23,0.1,probe,1e-12,1,0.6286939559293347
23,0.1,probe,1e-12,2,0.6286469392828204
23,0.1,probe,1e-12,3,0.6259256786360745
23,0.1,probe,1e-12,4,0.6254914166881689
23,0.1,probe,1e-12,5,0.6252622429272966
23,0.1,probe,1e-12,6,0.6250118268962465
23,0.1,probe,1e-12,7,0.6249888009833471
23,0.1,probe,1e-12,8,0.6249837581210052
23,0.1,probe,1e-12,9,0.6249160486867646
23,0.1,probe,1e-12,10,0.6249048684249223
23,0.1,probe,1e-12,11,0.6249045650292984
23,0.1,probe,1e-12,12,0.6248978320007412
23,0.1,probe,1e-12,13,0.6248912274420714
23,0.1,probe,1e-12,14,0.6248909813500649
23,0.1,probe,1e-12,15,0.6248909803903498
23,0.1,probe,1e-12,16,0.6248392869901378
23,0.1,probe,1e-12,17,0.6248223053488131
23,0.1,probe,1e-12,18,0.6248074898535847
23,0.1,probe,1e-12,19,0.6248059396450746
23,0.1,probe,1e-12,20,0.6248045848119517
23,0.1,probe,1e-12,21,0.6247971996932921
23,0.1,probe,1e-12,22,0.6247453036014259
23,0.1,probe,1e-12,23,0.6247430390405825
23,0.1,probe,1e-12,24,0.6246879633021901
23,0.1,probe,1e-12,25,0.6246781327810773
23,0.1,probe,1e-12,26,0.624676008780596
23,0.1,probe,1e-12,27,0.6246703597226579
23,0.1,probe,1e-12,28,0.6246694588065754
23,0.1,probe,1e-12,29,0.6246678468962286
23,0.1,probe,1e-12,30,0.6245910490119022
23,0.1,probe,1e-12,31,0.6245664098136744
23,0.1,probe,1e-12,32,0.6245623341376509
23,0.1,probe,1e-12,33,0.6244752823660537
23,0.1,probe,1e-12,34,0.6244713599285145
23,0.1,probe,1e-12,35,0.6244488010748271
23,0.1,probe,1e-12,36,0.6244297844783157
23,0.1,probe,1e-12,37,0.6244165306141486
23,0.1,probe,1e-12,38,0.6244128186069172
23,0.1,probe,1e-12,39,0.6244050190046088
23,0.1,probe,1e-12,40,0.624401654630753
23,0.1,probe,1e-12,41,0.6244012703483024
23,0.1,probe,1e-12,42,0.6243972355503222
23,0.1,probe,1e-12,43,0.6243890204231154
23,0.1,probe,1e-12,44,0.6243879937614341
23,0.1,probe,1e-12,45,0.6243875957397864
23,0.1,probe,1e-12,46,0.6243774248969365
23,0.1,probe,1e-12,47,0.6243772562659127
23,0.1,probe,1e-12,48,0.6243766697710228
23,0.1,probe,1e-12,49,0.6243724692822149
23,0.1,probe,1e-12,50,0.6243634711561383
23,0.1,probe,1e-12,51,0.6243589232191394
23,0.1,probe,1e-12,52,0.6243526358024287
23,0.1,probe,1e-12,53,0.6242647526057457
23,0.1,probe,1e-12,54,0.6242554528087787
23,0.1,probe,1e-12,55,0.6242448112612582
23,0.1,probe,1e-12,56,0.6242396857492772
23,0.1,probe,1e-12,57,0.6242395825299586
23,0.1,probe,1e-12,58,0.6242352345149015
23,0.1,probe,1e-12,59,0.6242059763425095
23,0.1,probe,1e-12,60,0.6242025529965382
23,0.1,probe,1e-12,61,0.6241604038071642
23,0.1,probe,1e-12,62,0.6241415184128789
23,0.1,probe,1e-12,63,0.6241053343562852
23,0.1,probe,1e-12,64,0.6241007121352532
23,0.1,probe,1e-12,65,0.6240991219894237
23,0.1,probe,1e-12,66,0.6240101126774663
23,0.1,probe,1e-12,67,0.6239154596071925
23,0.1,probe,1e-12,68,0.6238220546445348
23,0.1,probe,1e-12,69,0.6237365702495126
23,0.1,probe,1e-12,70,0.6234462277403422
23,0.1,probe,1e-12,71,0.6231857104284664
23,0.1,probe,1e-12,72,0.6226320935488149
23,0.1,probe,1e-12,73,0.6214652162200808
23,0.1,probe,1e-12,74,0.620313312278038
23,0.1,probe,1e-12,75,0.6195642708144221
23,0.1,probe,1e-12,76,0.6189788186714662
23,0.1,probe,1e-12,77,0.6180741619807775
23,0.1,probe,1e-12,78,0.6170614986326417
23,0.1,probe,1e-12,79,0.6158346649123387
23,0.1,probe,1e-12,80,0.6130498080610269
23,0.1,probe,1e-12,81,0.6076769407617316
23,0.1,probe,1e-12,82,0.5951854950807972
23,0.1,probe,1e-12,83,0.5828802769891082
23,0.1,probe,1e-12,84,0.5637789923377156
23,0.1,probe,1e-12,85,0.551911165602768
23,0.1,probe,1e-12,86,0.5399787117228463
23,0.1,probe,1e-12,87,0.5325604607178447
23,0.1,probe,1e-12,88,0.5287182308669723
23,0.1,probe,1e-12,89,0.5275689307873631
23,0.1,probe,1e-12,90,0.5272015381741856
23,0.1,probe,1e-12,91,0.5269505409006872
23,0.1,probe,1e-12,92,0.5267611565321317
23,0.1,probe,1e-12,93,0.5266066148651999
23,0.1,probe,1e-12,94,0.5265780941028825
23,0.1,probe,1e-12,95,0.5265421969932002
23,0.1,probe,1e-12,96,0.5265384316642707
23,0.1,probe,1e-12,97,0.5265312242253883
23,0.1,probe,1e-12,98,0.5265312133364514
23,0.1,probe,1e-12,99,0.5265268274594771
23,0.1,probe,1e-12,100,0.5265243538913958
23,0.1,recommended_solve,0.001,0,1.0
23,0.1,recommended_solve,0.001,1,0.5819966712319523
23,0.1,recommended_solve,0.001,2,0.5352230575823673
23,0.1,recommended_solve,0.001,3,0.4808745322049271
23,0.1,recommended_solve,0.001,4,0.443564011112424
23,0.1,recommended_solve,0.001,5,0.404181256079593
23,0.1,recommended_solve,0.001,6,0.3780552898833929
23,0.1,recommended_solve,0.001,7,0.35290537026341223
23,0.1,recommended_solve,0.001,8,0.3338528884339442
23,0.1,recommended_solve,0.001,9,0.31745319590587473
23,0.1,recommended_solve,0.001,10,0.30797281076335753
23,0.1,recommended_solve,0.001,11,0.29711391940140164
23,0.1,recommended_solve,0.001,12,0.2898754267299974
23,0.1,recommended_solve,0.001,13,0.2832629145898576
23,0.1,recommended_solve,0.001,14,0.2800923284543585
23,0.1,recommended_solve,0.001,15,0.27734569454953345
23,0.1,recommended_solve,0.001,16,0.27599583185354637
23,0.1,recommended_solve,0.001,17,0.2752049911995632
23,0.1,recommended_solve,0.001,18,0.27486320837444345
23,0.1,recommended_solve,0.001,19,0.27448309185357794
23,0.1,recommended_solve,0.001,20,0.274311243899165
23,0.1,recommended_solve,0.001,21,0.2741955160785782
23,0.1,recommended_solve,0.001,22,0.27414430020609193
23,0.1,recommended_solve,0.001,23,0.2738958258913983
23,0.1,recommended_solve,0.001,24,0.27356048458626286
23,0.1,recommended_solve,0.001,25,0.27326433038076225
23,0.1,recommended_solve,0.001,26,0.27296512989292016
23,0.1,recommended_solve,0.001,27,0.2724962157338402
23,0.1,recommended_solve,0.001,28,0.2721171009939425
23,0.1,recommended_solve,0.001,29,0.2718178330195246
23,0.1,recommended_solve,0.001,30,0.27162849275368306
23,0.1,recommended_solve,0.001,31,0.2712229593597843
23,0.1,recommended_solve,0.001,32,0.2708142354211415
23,0.1,recommended_solve,0.001,33,0.2704246372165829
23,0.1,recommended_solve,0.001,34,0.270134286526357
23,0.1,recommended_solve,0.001,35,0.26971347849963717
23,0.1,recommended_solve,0.001,36,0.26926748688921087
23,0.1,recommended_solve,0.001,37,0.26855556025063326
23,0.1,recommended_solve,0.001,38,0.26810121344127275
23,0.1,recommended_solve,0.001,39,0.2675278000564199
23,0.1,recommended_solve,0.001,40,0.26721897581081133
23,0.1,recommended_solve,0.001,41,0.26681179384226317
23,0.1,recommended_solve,0.001,42,0.26653169368061647
23,0.1,recommended_solve,0.001,43,0.26627379585013605
23,0.1,recommended_solve,0.001,44,0.2661010511052965
23,0.1,recommended_solve,0.001,45,0.2657309496907489
23,0.1,recommended_solve,0.001,46,0.2653702656890815
23,0.1,recommended_solve,0.001,47,0.26483306406066004
23,0.1,recommended_solve,0.001,48,0.2643758281974707
23,0.1,recommended_solve,0.001,49,0.2636625856517335
23,0.1,recommended_solve,0.001,50,0.2632023081166343
23,0.1,recommended_solve,0.001,51,0.26248160304039514
23,0.1,recommended_solve,0.001,52,0.26187631671271555
23,0.1,recommended_solve,0.001,53,0.26113646371116905
23,0.1,recommended_solve,0.001,54,0.2605209305790967
23,0.1,recommended_solve,0.001,55,0.2595820401264447
23,0.1,recommended_solve,0.001,56,0.2586858273232906
23,0.1,recommended_solve,0.001,57,0.2576335494000992
23,0.1,recommended_solve,0.001,58,0.2568802087604659
23,0.1,recommended_solve,0.001,59,0.25572796630726513
23,0.1,recommended_solve,0.001,60,0.2547556659655619
23,0.1,recommended_solve,0.001,61,0.2536699119023952
23,0.1,recommended_solve,0.001,62,0.2526988573747794
23,0.1,recommended_solve,0.001,63,0.2515594411016747
23,0.1,recommended_solve,0.001,64,0.25049011984510006
23,0.1,recommended_solve,0.001,65,0.24865165924260657
23,0.1,recommended_solve,0.001,66,0.24682449477426752
23,0.1,recommended_solve,0.001,67,0.244307182078557
23,0.1,recommended_solve,0.001,68,0.24226133959978155
23,0.1,recommended_solve,0.001,69,0.23948841618080668
23,0.1,recommended_solve,0.001,70,0.23705618186548041
23,0.1,recommended_solve,0.001,71,0.23392214664801766
23,0.1,recommended_solve,0.001,72,0.23190354031216265
23,0.1,recommended_solve,0.001,73,0.22891214680613292
23,0.1,recommended_solve,0.001,74,0.2272772075892971
23,0.1,recommended_solve,0.001,75,0.22465209077744963
23,0.1,recommended_solve,0.001,76,0.2230093793392003
23,0.1,recommended_solve,0.001,77,0.22078910992388165
23,0.1,recommended_solve,0.001,78,0.219220523963149
23,0.1,recommended_solve,0.001,79,0.2177400655373772
23,0.1,recommended_solve,0.001,80,0.2167184975367371
23,0.1,recommended_solve,0.001,81,0.21529046406130717
23,0.1,recommended_solve,0.001,82,0.21424594138707087
23,0.1,recommended_solve,0.001,83,0.21316538223062922
23,0.1,recommended_solve,0.001,84,0.212246395109754
23,0.1,recommended_solve,0.001,85,0.21107650459611008
23,0.1,recommended_solve,0.001,86,0.2102019966226708
23,0.1,recommended_solve,0.001,87,0.20898536975472382
23,0.1,recommended_solve,0.001,88,0.20795880181084614
23,0.1,recommended_solve,0.001,89,0.2066626999336866
23,0.1,recommended_solve,0.001,90,0.20533271178988344
23,0.1,recommended_solve,0.001,91,0.2035603113974561
23,0.1,recommended_solve,0.001,92,0.20186410821458106
23,0.1,recommended_solve,0.001,93,0.1995952107537453
23,0.1,recommended_solve,0.001,94,0.19762338758528716
23,0.1,recommended_solve,0.001,95,0.19485374222027008
23,0.1,recommended_solve,0.001,96,0.19178867432202978
23,0.1,recommended_solve,0.001,97,0.18763815902488754
23,0.1,recommended_solve,0.001,98,0.18263998144000798
23,0.1,recommended_solve,0.001,99,0.17672699446160137
23,0.1,recommended_solve,0.001,100,0.16974979581525565
23,0.1,recommended_solve,0.001,101,0.16197686493639418
23,0.1,recommended_solve,0.001,102,0.153471258188653
23,0.1,recommended_solve,0.001,103,0.14460355847939346
23,0.1,recommended_solve,0.001,104,0.13669490578337937
23,0.1,recommended_solve,0.001,105,0.12892446766382973
23,0.1,recommended_solve,0.001,106,0.12231093823640851
23,0.1,recommended_solve,0.001,107,0.1163966589516628
23,0.1,recommended_solve,0.001,108,0.11191528765854312
23,0.1,recommended_solve,0.001,109,0.10804801515672086
23,0.1,recommended_solve,0.001,110,0.10487444072981898
23,0.1,recommended_solve,0.001,111,0.10187818128890165
23,0.1,recommended_solve,0.001,112,0.0987767794334803
23,0.1,recommended_solve,0.001,113,0.09594748760904125
23,0.1,recommended_solve,0.001,114,0.09280098546246625
23,0.1,recommended_solve,0.001,115,0.09033526758753431
23,0.1,recommended_solve,0.001,116,0.08789227827011191
23,0.1,recommended_solve,0.001,117,0.0860591612106363
23,0.1,recommended_solve,0.001,118,0.08400411067747177
23,0.1,recommended_solve,0.001,119,0.08241576726937519
23,0.1,recommended_solve,0.001,120,0.08080377337031594
23,0.1,recommended_solve,0.001,121,0.07946304303341457
23,0.1,recommended_solve,0.001,122,0.07786136741946366
23,0.1,recommended_solve,0.001,123,0.07669774731711519
23,0.1,recommended_solve,0.001,124,0.07539456761598755
23,0.1,recommended_solve,0.001,125,0.07452583352204073
23,0.1,recommended_solve,0.001,126,0.07356789374426569
23,0.1,recommended_solve,0.001,127,0.07287674305548841
23,0.1,recommended_solve,0.001,128,0.07200804610833475
23,0.1,recommended_solve,0.001,129,0.07144998817923999
23,0.1,recommended_solve,0.001,130,0.07085299405017416
23,0.1,recommended_solve,0.001,131,0.070466960498742
23,0.1,recommended_solve,0.001,132,0.07001693675658828
23,0.1,recommended_solve,0.001,133,0.06967421018374928
23,0.1,recommended_solve,0.001,134,0.06933922357452704
23,0.1,recommended_solve,0.001,135,0.06914271760750607
23,0.1,recommended_solve,0.001,136,0.06889085936167928
23,0.1,recommended_solve,0.001,137,0.06872331396100839
23,0.1,recommended_solve,0.001,138,0.06854171140519864
23,0.1,recommended_solve,0.001,139,0.06840405831097188
23,0.1,recommended_solve,0.001,140,0.0682339708229684
23,0.1,recommended_solve,0.001,141,0.06813217796044663
23,0.1,recommended_solve,0.001,142,0.06802036385328628
23,0.1,recommended_solve,0.001,143,0.06794135176780351
23,0.1,recommended_solve,0.001,144,0.06782897610333896
23,0.1,recommended_solve,0.001,145,0.06776876044527991
23,0.1,recommended_solve,0.001,146,0.06768011631955613
23,0.1,recommended_solve,0.001,147,0.06761876807727894
23,0.1,recommended_solve,0.001,148,0.06752208135987092
23,0.1,recommended_solve,0.001,149,0.06743875428311238
23,0.1,recommended_solve,0.001,150,0.06730936279676748
23,0.1,recommended_solve,0.001,151,0.0672028736438681
23,0.1,recommended_solve,0.001,152,0.06709875799596929
23,0.1,recommended_solve,0.001,153,0.06702625625562583
23,0.1,recommended_solve,0.001,154,0.06691402156434129
23,0.1,recommended_solve,0.001,155,0.06683881074713302
23,0.1,recommended_solve,0.001,156,0.06676374287261791
23,0.1,recommended_solve,0.001,157,0.0667000793024292
23,0.1,recommended_solve,0.001,158,0.0666169351331924
23,0.1,recommended_solve,0.001,159,0.06655499713332319
23,0.1,recommended_solve,0.001,160,0.06647545508848501
23,0.1,recommended_solve,0.001,161,0.06642547969855432
23,0.1,recommended_solve,0.001,162,0.06635653168184573
23,0.1,recommended_solve,0.001,163,0.06631042611849308
23,0.1,recommended_solve,0.001,164,0.0662546571129108
23,0.1,recommended_solve,0.001,165,0.06619490137547435
23,0.1,recommended_solve,0.001,166,0.06613793525239343
23,0.1,recommended_solve,0.001,167,0.06608459135975807
23,0.1,recommended_solve,0.001,168,0.06603167976735198
23,0.1,recommended_solve,0.001,169,0.06596392339619139
23,0.1,recommended_solve,0.001,170,0.06590806904358461
23,0.1,recommended_solve,0.001,171,0.0658441421449521
23,0.1,recommended_solve,0.001,172,0.06580693758186558
23,0.1,recommended_solve,0.001,173,0.06574943407629248
23,0.1,recommended_solve,0.001,174,0.06569172233918165
23,0.1,recommended_solve,0.001,175,0.06562185829254358
23,0.1,recommended_solve,0.001,176,0.06555771771553458
23,0.1,recommended_solve,0.001,177,0.06547543841064646
23,0.1,recommended_solve,0.001,178,0.06539335134467666
23,0.1,recommended_solve,0.001,179,0.06529625606436884
23,0.1,recommended_solve,0.001,180,0.06519665022856101
23,0.1,recommended_solve,0.001,181,0.06507969733691624
23,0.1,recommended_solve,0.001,182,0.06496540505554767
23,0.1,recommended_solve,0.001,183,0.06484471210966028
23,0.1,recommended_solve,0.001,184,0.0647185445006748
23,0.1,recommended_solve,0.001,185,0.06455817993971838
23,0.1,recommended_solve,0.001,186,0.06441948059979696
23,0.1,recommended_solve,0.001,187,0.06424639176007461
23,0.1,recommended_solve,0.001,188,0.0641054748219613
23,0.1,recommended_solve,0.001,189,0.06395807540883171
23,0.1,recommended_solve,0.001,190,0.06382885937473982
23,0.1,recommended_solve,0.001,191,0.06368984864468688
23,0.1,recommended_solve,0.001,192,0.06359070748287363
23,0.1,recommended_solve,0.001,193,0.06348378504919067
23,0.1,recommended_solve,0.001,194,0.06337645368012272
23,0.1,recommended_solve,0.001,195,0.06326209635350974
23,0.1,recommended_solve,0.001,196,0.06315384159987913
23,0.1,recommended_solve,0.001,197,0.06303149722953118
23,0.1,recommended_solve,0.001,198,0.0629281500828105
23,0.1,recommended_solve,0.001,199,0.06277373012251011
23,0.1,recommended_solve,0.001,200,0.06264267587782484
23,0.1,recommended_solve,0.001,201,0.06251541571558399
23,0.1,recommended_solve,0.001,202,0.06236834832000957
23,0.1,recommended_solve,0.001,203,0.06221512606613352
23,0.1,recommended_solve,0.001,204,0.062031587758417286
23,0.1,recommended_solve,0.001,205,0.06179738539709237
23,0.1,recommended_solve,0.001,206,0.061570065652901323
23,0.1,recommended_solve,0.001,207,0.061241012962413945
23,0.1,recommended_solve,0.001,208,0.06093608394201335
23,0.1,recommended_solve,0.001,209,0.06047388559250705
23,0.1,recommended_solve,0.001,210,0.060046688040865014
23,0.1,recommended_solve,0.001,211,0.05950752513731351
23,0.1,recommended_solve,0.001,212,0.05896701168053872
23,0.1,recommended_solve,0.001,213,0.058325758248521826
23,0.1,recommended_solve,0.001,214,0.057719370036734066
23,0.1,recommended_solve,0.001,215,0.057110530204789685
23,0.1,recommended_solve,0.001,216,0.056554559260184885
23,0.1,recommended_solve,0.001,217,0.0561001300632749
23,0.1,recommended_solve,0.001,218,0.05571919093412458
23,0.1,recommended_solve,0.001,219,0.055402797368360096
23,0.1,recommended_solve,0.001,220,0.055121632465779405
23,0.1,recommended_solve,0.001,221,0.05487279362020487
23,0.1,recommended_solve,0.001,222,0.05462691504456615
23,0.1,recommended_solve,0.001,223,0.05441439872591071
23,0.1,recommended_solve,0.001,224,0.05417698353453533
23,0.1,recommended_solve,0.001,225,0.05395132622747187
23,0.1,recommended_solve,0.001,226,0.05367174543553593
23,0.1,recommended_solve,0.001,227,0.053427075440980874
23,0.1,recommended_solve,0.001,228,0.0531741833055555
23,0.1,recommended_solve,0.001,229,0.05296921484325733
23,0.1,recommended_solve,0.001,230,0.05272471593743284
23,0.1,recommended_solve,0.001,231,0.05255059854482755
23,0.1,recommended_solve,0.001,232,0.052321697860275254
23,0.1,recommended_solve,0.001,233,0.05213162694227582
23,0.1,recommended_solve,0.001,234,0.0519062624733634
23,0.1,recommended_solve,0.001,235,0.05172151815429537
23,0.1,recommended_solve,0.001,236,0.05147689570964039
23,0.1,recommended_solve,0.001,237,0.05127153725977434
23,0.1,recommended_solve,0.001,238,0.05095336966014696
23,0.1,recommended_solve,0.001,239,0.05062183780811577
23,0.1,recommended_solve,0.001,240,0.050134292583368815
23,0.1,recommended_solve,0.001,241,0.049611590117471065
23,0.1,recommended_solve,0.001,242,0.04889488813016663
23,0.1,recommended_solve,0.001,243,0.04819443559974014
23,0.1,recommended_solve,0.001,244,0.04733681634819328
23,0.1,recommended_solve,0.001,245,0.04658494079196251
23,0.1,recommended_solve,0.001,246,0.04560699222343979
23,0.1,recommended_solve,0.001,247,0.0447585251640768
23,0.1,recommended_solve,0.001,248,0.04374243993702248
23,0.1,recommended_solve,0.001,249,0.04295227264878113
23,0.1,recommended_solve,0.001,250,0.0420325203352559
23,0.1,recommended_solve,0.001,251,0.041336196435761634
23,0.1,recommended_solve,0.001,252,0.04057141445609018
23,0.1,recommended_solve,0.001,253,0.04000560279564735
23,0.1,recommended_solve,0.001,254,0.03941359387188375
23,0.1,recommended_solve,0.001,255,0.038976253368488055
23,0.1,recommended_solve,0.001,256,0.03850973136750234
23,0.1,recommended_solve,0.001,257,0.03815229164175268
23,0.1,recommended_solve,0.001,258,0.03775681996752109
23,0.1,recommended_solve,0.001,259,0.03742817275113562
23,0.1,recommended_solve,0.001,260,0.037028425095506454
23,0.1,recommended_solve,0.001,261,0.03671373996580065
23,0.1,recommended_solve,0.001,262,0.03628559877175795
23,0.1,recommended_solve,0.001,263,0.03594033600116921
23,0.1,recommended_solve,0.001,264,0.035508882234683
23,0.1,recommended_solve,0.001,265,0.03514721984383647
23,0.1,recommended_solve,0.001,266,0.034752453374635034
23,0.1,recommended_solve,0.001,267,0.03446076985387142
23,0.1,recommended_solve,0.001,268,0.03414313029826457
23,0.1,recommended_solve,0.001,269,0.033929075897415395
23,0.1,recommended_solve,0.001,270,0.033694055768528956
23,0.1,recommended_solve,0.001,271,0.033537048531519904
23,0.1,recommended_solve,0.001,272,0.03336567161854969
23,0.1,recommended_solve,0.001,273,0.03322498441588259
23,0.1,recommended_solve,0.001,274,0.03308186584534634
23,0.1,recommended_solve,0.001,275,0.03296341209049974
23,0.1,recommended_solve,0.001,276,0.03282733701603435
23,0.1,recommended_solve,0.001,277,0.03273073001977344
23,0.1,recommended_solve,0.001,278,0.032629282860726465
23,0.1,recommended_solve,0.001,279,0.032540569262418564
23,0.1,recommended_solve,0.001,280,0.032438771708818856
23,0.1,recommended_solve,0.001,281,0.03235925829137315
23,0.1,recommended_solve,0.001,282,0.032274542211835504
23,0.1,recommended_solve,0.001,283,0.03222536465693918
23,0.1,recommended_solve,0.001,284,0.03216196481556484
23,0.1,recommended_solve,0.001,285,0.032113289639892656
23,0.1,recommended_solve,0.001,286,0.03203920746938699
23,0.1,recommended_solve,0.001,287,0.03198179041698876
23,0.1,recommended_solve,0.001,288,0.03191578484841111
23,0.1,recommended_solve,0.001,289,0.031846488011850055
23,0.1,recommended_solve,0.001,290,0.0317530996579511
23,0.1,recommended_solve,0.001,291,0.03163690941963577
23,0.1,recommended_solve,0.001,292,0.03147297470868641
23,0.1,recommended_solve,0.001,293,0.031305490009216806
23,0.1,recommended_solve,0.001,294,0.031044616215353562
23,0.1,recommended_solve,0.001,295,0.03080586564004924
23,0.1,recommended_solve,0.001,296,0.030523465096966546
23,0.1,recommended_solve,0.001,297,0.030276415519205055
23,0.1,recommended_solve,0.001,298,0.02994363970375113
23,0.1,recommended_solve,0.001,299,0.02968896075530769
23,0.1,recommended_solve,0.001,300,0.02940762189633416
23,0.1,recommended_solve,0.01,0,1.0
23,0.1,recommended_solve,0.01,1,0.44270753600588353
23,0.1,recommended_solve,0.01,2,0.3541537268860608
23,0.1,recommended_solve,0.01,3,0.2983263392062437
23,0.1,recommended_solve,0.01,4,0.26787431609122225
23,0.1,recommended_solve,0.01,5,0.2573574653540983
23,0.1,recommended_solve,0.01,6,0.255339799983708
23,0.1,recommended_solve,0.01,7,0.25500451990510026
23,0.1,recommended_solve,0.01,8,0.25417222899227515
23,0.1,recommended_solve,0.01,9,0.253108438383162
23,0.1,recommended_solve,0.01,10,0.25155307805809873
23,0.1,recommended_solve,0.01,11,0.2501910062309245
23,0.1,recommended_solve,0.01,12,0.24850665336962496
23,0.1,recommended_solve,0.01,13,0.24754254092318276
23,0.1,recommended_solve,0.01,14,0.2463693999218613
23,0.1,recommended_solve,0.01,15,0.24466007655959943
23,0.1,recommended_solve,0.01,16,0.24228521262754782
23,0.1,recommended_solve,0.01,17,0.23999450857009436
23,0.1,recommended_solve,0.01,18,0.23649607670564488
23,0.1,recommended_solve,0.01,19,0.23358967400542774
23,0.1,recommended_solve,0.01,20,0.2297999201095572
23,0.1,recommended_solve,0.01,21,0.2238550720371956
23,0.1,recommended_solve,0.01,22,0.21403373638313025
23,0.1,recommended_solve,0.01,23,0.20620146285441524
23,0.1,recommended_solve,0.01,24,0.19974415205819487
23,0.1,recommended_solve,0.01,25,0.19595403290714847
23,0.1,recommended_solve,0.01,26,0.1922898609950585
23,0.1,recommended_solve,0.01,27,0.1889418935161436
23,0.1,recommended_solve,0.01,28,0.18442432778190437
23,0.1,recommended_solve,0.01,29,0.18001309495338794
23,0.1,recommended_solve,0.01,30,0.17083064083854055
23,0.1,recommended_solve,0.01,31,0.155689291982375
23,0.1,recommended_solve,0.01,32,0.12669043116200931
23,0.1,recommended_solve,0.01,33,0.10354802647292541
23,0.1,recommended_solve,0.01,34,0.08732846336004271
23,0.1,recommended_solve,0.01,35,0.08097947292613655
23,0.1,recommended_solve,0.01,36,0.07470989214334951
23,0.1,recommended_solve,0.01,37,0.07086432220595316
23,0.1,recommended_solve,0.01,38,0.06781271272506972
23,0.1,recommended_solve,0.01,39,0.06591595657473837
23,0.1,recommended_solve,0.01,40,0.06433068671306229
23,0.1,recommended_solve,0.01,41,0.06346514475003366
23,0.1,recommended_solve,0.01,42,0.06279184635749133
23,0.1,recommended_solve,0.01,43,0.06241697671215389
23,0.1,recommended_solve,0.01,44,0.06204316659232872
23,0.1,recommended_solve,0.01,45,0.06191965694348386
23,0.1,recommended_solve,0.01,46,0.06175830697913318
23,0.1,recommended_solve,0.01,47,0.06162004687897478
23,0.1,recommended_solve,0.01,48,0.061447039511117275
23,0.1,recommended_solve,0.01,49,0.06127774381691535
23,0.1,recommended_solve,0.01,50,0.06103382957299045
23,0.1,recommended_solve,0.01,51,0.06085249074489845
23,0.1,recommended_solve,0.01,52,0.06064462832155406
23,0.1,recommended_solve,0.01,53,0.06045398373934129
23,0.1,recommended_solve,0.01,54,0.06020665308885561
23,0.1,recommended_solve,0.01,55,0.059948930095956185
23,0.1,recommended_solve,0.01,56,0.059509660642111474
23,0.1,recommended_solve,0.01,57,0.05901186137000635
23,0.1,recommended_solve,0.01,58,0.05814505456821202
23,0.1,recommended_solve,0.01,59,0.05710421605446133
23,0.1,recommended_solve,0.01,60,0.05604304758594523
23,0.1,recommended_solve,0.01,61,0.05540724821630899
23,0.1,recommended_solve,0.01,62,0.054780256319428684
23,0.1,recommended_solve,0.01,63,0.05415664556634704
23,0.1,recommended_solve,0.01,64,0.0533823243206792
23,0.1,recommended_solve,0.01,65,0.05245294134467363
23,0.1,recommended_solve,0.01,66,0.05091888738938194
23,0.1,recommended_solve,0.01,67,0.049173397181994476
23,0.1,recommended_solve,0.01,68,0.04671535414127073
23,0.1,recommended_solve,0.01,69,0.04515176947754693
23,0.1,recommended_solve,0.01,70,0.043934456952410446
23,0.1,recommended_solve,0.01,71,0.04315848304934901
23,0.1,recommended_solve,0.01,72,0.042279902099982856
23,0.1,recommended_solve,0.01,73,0.041635378945661966
23,0.1,recommended_solve,0.01,74,0.04098165167365543
23,0.1,recommended_solve,0.01,75,0.04047936846861599
23,0.1,recommended_solve,0.01,76,0.03939698233827466
23,0.1,recommended_solve,0.01,77,0.03754351170940059
23,0.1,recommended_solve,0.01,78,0.03497827956819483
23,0.1,recommended_solve,0.01,79,0.03314524483248281
23,0.1,recommended_solve,0.01,80,0.031522676328828984
23,0.1,recommended_solve,0.01,81,0.030667903009834175
23,0.1,recommended_solve,0.01,82,0.029966347759015417
23,0.1,recommended_solve,0.01,83,0.029375881586067784
23,0.1,recommended_solve,0.01,84,0.028632486905615397
23,0.1,recommended_solve,0.01,85,0.028245682450811514
23,0.1,recommended_solve,0.01,86,0.027840869215702595
23,0.1,recommended_solve,0.01,87,0.027581659041324435
23,0.1,recommended_solve,0.01,88,0.027328700013987003
23,0.1,recommended_solve,0.01,89,0.027124962441615785
23,0.1,recommended_solve,0.01,90,0.02684802854646279
23,0.1,recommended_solve,0.01,91,0.02662383264439502
23,0.1,recommended_solve,0.01,92,0.026234850537430326
23,0.1,recommended_solve,0.01,93,0.025580614351231032
23,0.1,recommended_solve,0.01,94,0.024393838958825412
23,0.1,recommended_solve,0.01,95,0.023204265659580572
23,0.1,recommended_solve,0.01,96,0.021775466949635083
23,0.1,recommended_solve,0.01,97,0.020794976639689437
23,0.1,recommended_solve,0.01,98,0.020001035895234717
23,0.1,recommended_solve,0.01,99,0.01964665757520933
23,0.1,recommended_solve,0.01,100,0.019439124760737777
23,0.1,recommended_solve,0.01,101,0.01932365615674453
23,0.1,recommended_solve,0.01,102,0.01916342644891732
23,0.1,recommended_solve,0.01,103,0.018973462643468723
23,0.1,recommended_solve,0.01,104,0.01862347458869879
23,0.1,recommended_solve,0.01,105,0.018117274392718326
23,0.1,recommended_solve,0.01,106,0.01677808256212307
23,0.1,recommended_solve,0.01,107,0.01498621778272463
23,0.1,recommended_solve,0.01,108,0.012767291520286482
23,0.1,recommended_solve,0.01,109,0.010931743774531632
23,0.1,recommended_solve,0.01,110,0.00922574393936441
23,0.1,recommended_solve,0.01,111,0.008004985785923872
23,0.1,recommended_solve,0.01,112,0.007034296479274274
23,0.1,recommended_solve,0.01,113,0.006493198355424887
23,0.1,recommended_solve,0.01,114,0.005953820769844679
23,0.1,recommended_solve,0.01,115,0.005574134360123688
23,0.1,recommended_solve,0.01,116,0.004982410469828404
23,0.1,recommended_solve,0.01,117,0.004263833650071938
23,0.1,recommended_solve,0.01,118,0.0035675027478335166
23,0.1,recommended_solve,0.01,119,0.003245208581885277
23,0.1,recommended_solve,0.01,120,0.0030857084085048384
23,0.1,recommended_solve,0.01,121,0.0030360985699327873
23,0.1,recommended_solve,0.01,122,0.0030026721206651923
23,0.1,recommended_solve,0.01,123,0.0029888623354658726
23,0.1,recommended_solve,0.01,124,0.0029766138068979633
23,0.1,recommended_solve,0.01,125,0.0029721170140600732
23,0.1,recommended_solve,0.01,126,0.0029662381504369697
23,0.1,recommended_solve,0.01,127,0.0029590290973915898
23,0.1,recommended_solve,0.01,128,0.0029444504384383463
23,0.1,recommended_solve,0.01,129,0.0029185380129493534
23,0.1,recommended_solve,0.01,130,0.002874488787617713
23,0.1,recommended_solve,0.01,131,0.002814107734330567
23,0.1,recommended_solve,0.01,132,0.002698191137090324
23,0.1,recommended_solve,0.01,133,0.0025207917760444224
23,0.1,recommended_solve,0.01,134,0.0022856732883988805
23,0.1,recommended_solve,0.01,135,0.002148643442887523
23,0.1,recommended_solve,0.01,136,0.0020718793844351816
23,0.1,recommended_solve,0.01,137,0.0020516979634315367
23,0.1,recommended_solve,0.01,138,0.0020457135923726685
23,0.1,recommended_solve,0.01,139,0.002043015630483743
23,0.1,recommended_solve,0.01,140,0.002041016754382287
23,0.1,recommended_solve,0.01,141,0.0020405525064461564
23,0.1,recommended_solve,0.01,142,0.0020401664175467025
23,0.1,recommended_solve,0.01,143,0.0020398883921621223
23,0.1,recommended_solve,0.01,144,0.002039614530442571
23,0.1,recommended_solve,0.01,145,0.002039081895018767
23,0.1,recommended_solve,0.01,146,0.0020381841776274095
23,0.1,recommended_solve,0.01,147,0.0020367214928997215
23,0.1,recommended_solve,0.01,148,0.0020322133612646906
23,0.1,recommended_solve,0.01,149,0.0020219104742727825
23,0.1,recommended_solve,0.01,150,0.001991220775532666
23,0.1,recommended_solve,0.01,151,0.0019253274630019375
23,0.1,recommended_solve,0.01,152,0.0017446682858421787
23,0.1,recommended_solve,0.01,153,0.0015164537022394403
23,0.1,recommended_solve,0.01,154,0.0013207242643780276
23,0.1,recommended_solve,0.01,155,0.0012486048984411242
23,0.1,recommended_solve,0.01,156,0.0012185314579492461
23,0.1,recommended_solve,0.01,157,0.0012105646926730937
23,0.1,recommended_solve,0.01,158,0.0012055797442372027
23,0.1,recommended_solve,0.01,159,0.001203266603646335
23,0.1,recommended_solve,0.01,160,0.0012015339175498463
23,0.1,recommended_solve,0.01,161,0.0011977932753049316
23,0.1,recommended_solve,0.01,162,0.0011895910870849127
23,0.1,recommended_solve,0.01,163,0.0011723810179413035
23,0.1,recommended_solve,0.01,164,0.0011078542545137713
23,0.1,recommended_solve,0.01,165,0.0009586164549947315
23,0.1,recommended_solve,0.01,166,0.0006501322066360017
23,0.1,recommended_solve,0.01,167,0.00037613114123559563
23,0.1,recommended_solve,0.01,168,0.0001933838950302067
23,0.1,recommended_solve,0.01,169,0.0001093297407343159
23,0.1,recommended_solve,0.01,170,5.850245587199949e-05
23,0.1,recommended_solve,0.01,171,3.4215692240754604e-05
23,0.1,recommended_solve,0.01,172,1.8310783201612565e-05
23,0.1,recommended_solve,0.01,173,1.0617078450735849e-05
23,0.1,recommended_solve,0.01,174,5.302306287685172e-06
23,0.1,recommended_solve,0.01,175,3.0692557657000545e-06
23,0.1,recommended_solve,0.01,176,1.7838890287893462e-06
23,0.1,recommended_solve,0.01,177,1.0371225546336904e-06
23,0.1,recommended_solve,0.01,178,5.186691312820158e-07
23,0.2,probe,1e-12,0,1.0
23,0.2,probe,1e-12,1,0.5344614717345025
23,0.2,probe,1e-12,2,0.500444933099513
23,0.2,probe,1e-12,3,0.45473969885767174
23,0.2,probe,1e-12,4,0.4316761354574344
23,0.2,probe,1e-12,5,0.4124434732903796
23,0.2,probe,1e-12,6,0.39715636777831403
23,0.2,probe,1e-12,7,0.38437086130258985
23,0.2,probe,1e-12,8,0.3795978993888469
23,0.2,probe,1e-12,9,0.37373264918647187
23,0.2,probe,1e-12,10,0.36962623729473265
23,0.2,probe,1e-12,11,0.3665772383545911
23,0.2,probe,1e-12,12,0.3656880300268737
23,0.2,probe,1e-12,13,0.36366637953105924
23,0.2,probe,1e-12,14,0.36176796339700223
23,0.2,probe,1e-12,15,0.3608039010547502
23,0.2,probe,1e-12,16,0.3603581827160821
23,0.2,probe,1e-12,17,0.35912540046092734
23,0.2,probe,1e-12,18,0.35825913991927694
23,0.2,probe,1e-12,19,0.3579006649889924
23,0.2,probe,1e-12,20,0.3576626900098
23,0.2,probe,1e-12,21,0.3571220153772671
23,0.2,probe,1e-12,22,0.35669359274037854
23,0.2,probe,1e-12,23,0.35656575974034266
23,0.2,probe,1e-12,24,0.356410405207843
23,0.2,probe,1e-12,25,0.3560944723806741
23,0.2,probe,1e-12,26,0.35587836167591363
23,0.2,probe,1e-12,27,0.35581821694578664
23,0.2,probe,1e-12,28,0.3557854507578533
23,0.2,probe,1e-12,29,0.3555571099057751
23,0.2,probe,1e-12,30,0.3555040633394304
23,0.2,probe,1e-12,31,0.35538698350457887
23,0.2,probe,1e-12,32,0.35533640212536194
23,0.2,probe,1e-12,33,0.35529956895920206
23,0.2,probe,1e-12,34,0.355230340321719
23,0.2,probe,1e-12,35,0.3552103274427021
23,0.2,probe,1e-12,36,0.35514771849201476
23,0.2,probe,1e-12,37,0.3550706044887247
23,0.2,probe,1e-12,38,0.3550471158006767
23,0.2,probe,1e-12,39,0.3550316641607345
23,0.2,probe,1e-12,40,0.35501877566355095
23,0.2,probe,1e-12,41,0.3549075091288501
23,0.2,probe,1e-12,42,0.35488902926601157
23,0.2,probe,1e-12,43,0.3548812872322138
23,0.2,probe,1e-12,44,0.3548492033545712
23,0.2,probe,1e-12,45,0.3548176214144439
23,0.2,probe,1e-12,46,0.35478771556257743
23,0.2,probe,1e-12,47,0.3547800313062586
23,0.2,probe,1e-12,48,0.3547634754311168
23,0.2,probe,1e-12,49,0.3547572852961308
23,0.2,probe,1e-12,50,0.354746215792371
23,0.2,probe,1e-12,51,0.35472788164925617
23,0.2,probe,1e-12,52,0.3547150833276044
23,0.2,probe,1e-12,53,0.35470277521147453
23,0.2,probe,1e-12,54,0.3547008646298592
23,0.2,probe,1e-12,55,0.3547008558190498
23,0.2,probe,1e-12,56,0.3546765402216427
23,0.2,probe,1e-12,57,0.35467648407564634
23,0.2,probe,1e-12,58,0.35467291253655087
23,0.2,probe,1e-12,59,0.3546729098020558
23,0.2,probe,1e-12,60,0.3546642122819737
23,0.2,probe,1e-12,61,0.3546605272901878
23,0.2,probe,1e-12,62,0.3546572392625323
23,0.2,probe,1e-12,63,0.35464879252432846
23,0.2,probe,1e-12,64,0.35464436702401636
23,0.2,probe,1e-12,65,0.3546432299427227
23,0.2,probe,1e-12,66,0.3546391685113909
23,0.2,probe,1e-12,67,0.3546358551718741
23,0.2,probe,1e-12,68,0.3546312316961074
23,0.2,probe,1e-12,69,0.35462293494266584
23,0.2,probe,1e-12,70,0.3546228740904702
23,0.2,probe,1e-12,71,0.35462195306732774
23,0.2,probe,1e-12,72,0.35461774451514677
23,0.2,probe,1e-12,73,0.3545995985382835
23,0.2,probe,1e-12,74,0.35459773160673036
23,0.2,probe,1e-12,75,0.3545960214190571
23,0.2,probe,1e-12,76,0.3545715727859059
23,0.2,probe,1e-12,77,0.3545623049940989
23,0.2,probe,1e-12,78,0.35456171004984616
23,0.2,probe,1e-12,79,0.35456044594244723
23,0.2,probe,1e-12,80,0.3545505109172099
23,0.2,probe,1e-12,81,0.3545498309677344
23,0.2,probe,1e-12,82,0.3545487641464068
23,0.2,probe,1e-12,83,0.35454251001752085
23,0.2,probe,1e-12,84,0.3545391085511399
23,0.2,probe,1e-12,85,0.3545377766783331
23,0.2,probe,1e-12,86,0.35453388016116477
23,0.2,probe,1e-12,87,0.35451547155421437
23,0.2,probe,1e-12,88,0.3545111627221399
23,0.2,probe,1e-12,89,0.35451106462942006
23,0.2,probe,1e-12,90,0.35449931593374373
23,0.2,probe,1e-12,91,0.35449301466871275
23,0.2,probe,1e-12,92,0.3544876713516174
23,0.2,probe,1e-12,93,0.35448333208616306
23,0.2,probe,1e-12,94,0.35448293437985584
23,0.2,probe,1e-12,95,0.35447865882643304
23,0.2,probe,1e-12,96,0.35447639687179566
23,0.2,probe,1e-12,97,0.35446076301036666
23,0.2,probe,1e-12,98,0.35445876980834923
23,0.2,probe,1e-12,99,0.3544556337203419
23,0.2,probe,1e-12,100,0.35445562738251235
23,0.2,recommended_solve,0.001,0,1.0
23,0.2,recommended_solve,0.001,1,0.4990773331833372
23,0.2,recommended_solve,0.001,2,0.42410368318517305
23,0.2,recommended_solve,0.001,3,0.3490586217140696
23,0.2,recommended_solve,0.001,4,0.3113004609473518
23,0.2,recommended_solve,0.001,5,0.27367915406382476
23,0.2,recommended_solve,0.001,6,0.25580715266936055
23,0.2,recommended_solve,0.001,7,0.24261969300103498
23,0.2,recommended_solve,0.001,8,0.23863151941223934
23,0.2,recommended_solve,0.001,9,0.2341315654380083
23,0.2,recommended_solve,0.001,10,0.232084635170673
23,0.2,recommended_solve,0.001,11,0.23091101549561413
23,0.2,recommended_solve,0.001,12,0.2306380705262063
23,0.2,recommended_solve,0.001,13,0.22974104097074494
23,0.2,recommended_solve,0.001,14,0.2291666332744141
23,0.2,recommended_solve,0.001,15,0.22899152622450747
23,0.2,recommended_solve,0.001,16,0.2289431537482787
23,0.2,recommended_solve,0.001,17,0.22875391298476686
23,0.2,recommended_solve,0.001,18,0.22864578916224707
23,0.2,recommended_solve,0.001,19,0.22861717639014387
23,0.2,recommended_solve,0.001,20,0.2285661273336968
23,0.2,recommended_solve,0.001,21,0.22841265285707057
23,0.2,recommended_solve,0.001,22,0.2282835964046029
23,0.2,recommended_solve,0.001,23,0.22822568308449795
23,0.2,recommended_solve,0.001,24,0.22809723593717812
23,0.2,recommended_solve,0.001,25,0.22787554867541704
23,0.2,recommended_solve,0.001,26,0.22769370714807902
23,0.2,recommended_solve,0.001,27,0.22765449428361795
23,0.2,recommended_solve,0.001,28,0.22758926309315497
23,0.2,recommended_solve,0.001,29,0.22749906639155335
23,0.2,recommended_solve,0.001,30,0.22745570546073832
23,0.2,recommended_solve,0.001,31,0.22739789367442229
23,0.2,recommended_solve,0.001,32,0.22735424196079573
23,0.2,recommended_solve,0.001,33,0.22725517715133065
23,0.2,recommended_solve,0.001,34,0.22716654204713754
23,0.2,recommended_solve,0.001,35,0.2269692596230984
23,0.2,recommended_solve,0.001,36,0.22670774905876664
23,0.2,recommended_solve,0.001,37,0.2263644394018269
23,0.2,recommended_solve,0.001,38,0.22589271005561454
23,0.2,recommended_solve,0.001,39,0.22530250104455263
23,0.2,recommended_solve,0.001,40,0.2245765399101138
23,0.2,recommended_solve,0.001,41,0.22370964181562927
23,0.2,recommended_solve,0.001,42,0.22297764719286575
23,0.2,recommended_solve,0.001,43,0.22199239526700223
23,0.2,recommended_solve,0.001,44,0.22116007168405638
23,0.2,recommended_solve,0.001,45,0.2199536671755535
23,0.2,recommended_solve,0.001,46,0.21897489743700574
23,0.2,recommended_solve,0.001,47,0.2178878766912959
23,0.2,recommended_solve,0.001,48,0.21715770027679046
23,0.2,recommended_solve,0.001,49,0.2161779296511559
23,0.2,recommended_solve,0.001,50,0.2156511346543483
23,0.2,recommended_solve,0.001,51,0.2151149892001678
23,0.2,recommended_solve,0.001,52,0.21467954565226927
23,0.2,recommended_solve,0.001,53,0.2139419240531446
23,0.2,recommended_solve,0.001,54,0.21334041325535338
23,0.2,recommended_solve,0.001,55,0.21265451304164995
23,0.2,recommended_solve,0.001,56,0.21196638512561114
23,0.2,recommended_solve,0.001,57,0.21091355136402676
23,0.2,recommended_solve,0.001,58,0.20979609288600493
23,0.2,recommended_solve,0.001,59,0.20816310847991773
23,0.2,recommended_solve,0.001,60,0.20618605658539052
23,0.2,recommended_solve,0.001,61,0.20211752725031062
23,0.2,recommended_solve,0.001,62,0.1970679570830778
23,0.2,recommended_solve,0.001,63,0.18830995466735118
23,0.2,recommended_solve,0.001,64,0.18023218296729676
23,0.2,recommended_solve,0.001,65,0.16848626230249328
23,0.2,recommended_solve,0.001,66,0.15820120191626072
23,0.2,recommended_solve,0.001,67,0.14615863256792236
23,0.2,recommended_solve,0.001,68,0.1368728297357144
23,0.2,recommended_solve,0.001,69,0.12675436694458153
23,0.2,recommended_solve,0.001,70,0.11945735125310422
23,0.2,recommended_solve,0.001,71,0.11168476891947808
23,0.2,recommended_solve,0.001,72,0.10617554502565105
23,0.2,recommended_solve,0.001,73,0.09946531586334084
23,0.2,recommended_solve,0.001,74,0.09448032151738318
23,0.2,recommended_solve,0.001,75,0.08865543595647049
23,0.2,recommended_solve,0.001,76,0.0844167681776983
23,0.2,recommended_solve,0.001,77,0.07941665023849935
23,0.2,recommended_solve,0.001,78,0.0755363554278762
23,0.2,recommended_solve,0.001,79,0.07095320975021623
23,0.2,recommended_solve,0.001,80,0.06735935974549813
23,0.2,recommended_solve,0.001,81,0.06331925325033312
23,0.2,recommended_solve,0.001,82,0.06069692093339044
23,0.2,recommended_solve,0.001,83,0.058308999558232426
23,0.2,recommended_solve,0.001,84,0.057016940131269504
23,0.2,recommended_solve,0.001,85,0.05583716865383695
23,0.2,recommended_solve,0.001,86,0.0552607868819856
23,0.2,recommended_solve,0.001,87,0.054697718254001715
23,0.2,recommended_solve,0.001,88,0.054399795573208704
23,0.2,recommended_solve,0.001,89,0.053981047465658856
23,0.2,recommended_solve,0.001,90,0.05368313445434554
23,0.2,recommended_solve,0.001,91,0.05321253839626716
23,0.2,recommended_solve,0.001,92,0.05288047398187666
23,0.2,recommended_solve,0.001,93,0.0524467833322642
23,0.2,recommended_solve,0.001,94,0.052144145613786407
23,0.2,recommended_solve,0.001,95,0.05180061145901703
23,0.2,recommended_solve,0.001,96,0.0515656780264355
23,0.2,recommended_solve,0.001,97,0.05129816522187978
23,0.2,recommended_solve,0.001,98,0.051109757531004815
23,0.2,recommended_solve,0.001,99,0.05084765618844619
23,0.2,recommended_solve,0.001,100,0.0506696529266974
23,0.2,recommended_solve,0.001,101,0.05045234195703045
23,0.2,recommended_solve,0.001,102,0.05031948562045723
23,0.2,recommended_solve,0.001,103,0.05016688380152668
23,0.2,recommended_solve,0.001,104,0.05010614962718348
23,0.2,recommended_solve,0.001,105,0.05004028384906775
23,0.2,recommended_solve,0.001,106,0.04999449219500348
23,0.2,recommended_solve,0.001,107,0.04992989460037113
23,0.2,recommended_solve,0.001,108,0.04989091317363895
23,0.2,recommended_solve,0.001,109,0.04984826821222268
23,0.2,recommended_solve,0.001,110,0.04982146464563073
23,0.2,recommended_solve,0.001,111,0.04977259003821484
23,0.2,recommended_solve,0.001,112,0.04974012008938896
23,0.2,recommended_solve,0.001,113,0.04969215975130697
23,0.2,recommended_solve,0.001,114,0.04966471355393503
23,0.2,recommended_solve,0.001,115,0.04963218546629064
23,0.2,recommended_solve,0.001,116,0.04960469469941619
23,0.2,recommended_solve,0.001,117,0.04957796889250361
23,0.2,recommended_solve,0.001,118,0.04955942208892028
23,0.2,recommended_solve,0.001,119,0.049542491615674776
23,0.2,recommended_solve,0.001,120,0.04952960231106115
23,0.2,recommended_solve,0.001,121,0.04950515354643525
23,0.2,recommended_solve,0.001,122,0.049487889659913076
23,0.2,recommended_solve,0.001,123,0.04946652484804032
23,0.2,recommended_solve,0.001,124,0.04943773516809887
23,0.2,recommended_solve,0.001,125,0.049387529790087724
23,0.2,recommended_solve,0.001,126,0.04935247057275701
23,0.2,recommended_solve,0.001,127,0.04930473497703389
23,0.2,recommended_solve,0.001,128,0.04926400944350854
23,0.2,recommended_solve,0.001,129,0.049206137714703536
23,0.2,recommended_solve,0.001,130,0.049166677463284535
23,0.2,recommended_solve,0.001,131,0.04910535664325553
23,0.2,recommended_solve,0.001,132,0.04907060072394925
23,0.2,recommended_solve,0.001,133,0.04902285405714944
23,0.2,recommended_solve,0.001,134,0.0489998795482633
23,0.2,recommended_solve,0.001,135,0.04897037726930443
23,0.2,recommended_solve,0.001,136,0.04895176290219054
23,0.2,recommended_solve,0.001,137,0.04892688602177013
23,0.2,recommended_solve,0.001,138,0.048912168469938955
23,0.2,recommended_solve,0.001,139,0.04887888041598151
23,0.2,recommended_solve,0.001,140,0.048850204849520774
23,0.2,recommended_solve,0.001,141,0.0488130962302775
23,0.2,recommended_solve,0.001,142,0.04878112305202354
23,0.2,recommended_solve,0.001,143,0.04873869970104874
23,0.2,recommended_solve,0.001,144,0.048700924523085186
23,0.2,recommended_solve,0.001,145,0.04864010766960141
23,0.2,recommended_solve,0.001,146,0.048594644013867636
23,0.2,recommended_solve,0.001,147,0.04853777338435839
23,0.2,recommended_solve,0.001,148,0.04849347238862608
23,0.2,recommended_solve,0.001,149,0.04843811634925655
23,0.2,recommended_solve,0.001,150,0.04839189651647033
23,0.2,recommended_solve,0.001,151,0.04833939941112021
23,0.2,recommended_solve,0.001,152,0.04829902938579618
23,0.2,recommended_solve,0.001,153,0.04824909501421273
23,0.2,recommended_solve,0.001,154,0.04820887827639618
23,0.2,recommended_solve,0.001,155,0.04816519259158348
23,0.2,recommended_solve,0.001,156,0.04811578890429387
23,0.2,recommended_solve,0.001,157,0.04801850152222584
23,0.2,recommended_solve,0.001,158,0.04792782885468403
23,0.2,recommended_solve,0.001,159,0.047787149235956915
23,0.2,recommended_solve,0.001,160,0.047658568475018565
23,0.2,recommended_solve,0.001,161,0.0474550520872465
23,0.2,recommended_solve,0.001,162,0.04724752522185584
23,0.2,recommended_solve,0.001,163,0.0469358688538448
23,0.2,recommended_solve,0.001,164,0.04663963928252534
23,0.2,recommended_solve,0.001,165,0.04624613621008339
23,0.2,recommended_solve,0.001,166,0.045912571964007394
23,0.2,recommended_solve,0.001,167,0.04546442384317128
23,0.2,recommended_solve,0.001,168,0.045158661671755695
23,0.2,recommended_solve,0.001,169,0.04481437899537338
23,0.2,recommended_solve,0.001,170,0.04456606600906731
23,0.2,recommended_solve,0.001,171,0.04430141366080807
23,0.2,recommended_solve,0.001,172,0.044111482383793386
23,0.2,recommended_solve,0.001,173,0.043893864494556525
23,0.2,recommended_solve,0.001,174,0.04372343975512359
23,0.2,recommended_solve,0.001,175,0.04352460434209455
23,0.2,recommended_solve,0.001,176,0.0433836856052315
23,0.2,recommended_solve,0.001,177,0.04320582669189471
23,0.2,recommended_solve,0.001,178,0.04306358959719645
23,0.2,recommended_solve,0.001,179,0.04286597168335673
23,0.2,recommended_solve,0.001,180,0.042715629045548216
23,0.2,recommended_solve,0.001,181,0.04254744488386941
23,0.2,recommended_solve,0.001,182,0.0424342872421392
23,0.2,recommended_solve,0.001,183,0.04229377595470451
23,0.2,recommended_solve,0.001,184,0.04220525960125329
23,0.2,recommended_solve,0.001,185,0.042094901693071084
23,0.2,recommended_solve,0.001,186,0.04200771414213234
23,0.2,recommended_solve,0.001,187,0.041892740603829706
23,0.2,recommended_solve,0.001,188,0.041778382856299645
23,0.2,recommended_solve,0.001,189,0.04159786587392452
23,0.2,recommended_solve,0.001,190,0.041407225510774456
23,0.2,recommended_solve,0.001,191,0.04104283466587486
23,0.2,recommended_solve,0.001,192,0.040623559146097464
23,0.2,recommended_solve,0.001,193,0.03999261555338828
23,0.2,recommended_solve,0.001,194,0.0393705532596553
23,0.2,recommended_solve,0.001,195,0.03849802535549073
23,0.2,recommended_solve,0.001,196,0.037695468459215245
23,0.2,recommended_solve,0.001,197,0.03651975976534003
23,0.2,recommended_solve,0.001,198,0.0354713592840272
23,0.2,recommended_solve,0.001,199,0.0341526417694383
23,0.2,recommended_solve,0.001,200,0.03318436874427915
23,0.2,recommended_solve,0.001,201,0.0321865547106753
23,0.2,recommended_solve,0.001,202,0.03165430689401998
23,0.2,recommended_solve,0.001,203,0.03114795548197727
23,0.2,recommended_solve,0.001,204,0.03088551927880243
23,0.2,recommended_solve,0.001,205,0.03060239316079145
23,0.2,recommended_solve,0.001,206,0.03044565856439069
23,0.2,recommended_solve,0.001,207,0.030298953258231273
23,0.2,recommended_solve,0.001,208,0.030229323927688626
23,0.2,recommended_solve,0.001,209,0.030172033446277134
23,0.2,recommended_solve,0.001,210,0.030139684833335345
23,0.2,recommended_solve,0.001,211,0.03010901036758539
23,0.2,recommended_solve,0.001,212,0.030095906754714883
23,0.2,recommended_solve,0.001,213,0.0300823674722337
23,0.2,recommended_solve,0.001,214,0.030077969629676116
23,0.2,recommended_solve,0.001,215,0.030071782048393773
23,0.2,recommended_solve,0.001,216,0.030064601582435346
23,0.2,recommended_solve,0.001,217,0.03005239802037071
23,0.2,recommended_solve,0.001,218,0.030043355347995807
23,0.2,recommended_solve,0.001,219,0.03002690181660494
23,0.2,recommended_solve,0.001,220,0.03000989688037396
23,0.2,recommended_solve,0.001,221,0.029979737526088436
23,0.2,recommended_solve,0.001,222,0.029945065103315165
23,0.2,recommended_solve,0.001,223,0.029879774202248688
23,0.2,recommended_solve,0.001,224,0.029781348373302305
23,0.2,recommended_solve,0.001,225,0.02954466647589967
23,0.2,recommended_solve,0.001,226,0.029209338772726866
23,0.2,recommended_solve,0.001,227,0.028634047087932733
23,0.2,recommended_solve,0.001,228,0.02791132341245602
23,0.2,recommended_solve,0.001,229,0.026547632543448527
23,0.2,recommended_solve,0.001,230,0.02517233203444732
23,0.2,recommended_solve,0.001,231,0.023098049204702046
23,0.2,recommended_solve,0.001,232,0.021018247042976345
23,0.2,recommended_solve,0.001,233,0.018301067165519803
23,0.2,recommended_solve,0.001,234,0.015937693961862266
23,0.2,recommended_solve,0.001,235,0.013228023781824394
23,0.2,recommended_solve,0.001,236,0.011330658967396833
23,0.2,recommended_solve,0.001,237,0.009518524800758755
23,0.2,recommended_solve,0.001,238,0.008397500083743896
23,0.2,recommended_solve,0.001,239,0.007465747661609141
23,0.2,recommended_solve,0.001,240,0.0069536301346171114
23,0.2,recommended_solve,0.001,241,0.00648591405556365
23,0.2,recommended_solve,0.001,242,0.006192094087177871
23,0.2,recommended_solve,0.001,243,0.0059058661516428424
23,0.2,recommended_solve,0.001,244,0.005745130565039941
23,0.2,recommended_solve,0.001,245,0.005584607825512608
23,0.2,recommended_solve,0.001,246,0.005484797950218547
23,0.2,recommended_solve,0.001,247,0.005383068704866992
23,0.2,recommended_solve,0.001,248,0.005328294832240107
23,0.2,recommended_solve,0.001,249,0.005278834586032995
23,0.2,recommended_solve,0.001,250,0.005254231611723643
23,0.2,recommended_solve,0.001,251,0.005234559018012106
23,0.2,recommended_solve,0.001,252,0.005227151966001933
23,0.2,recommended_solve,0.001,253,0.005220639091723648
23,0.2,recommended_solve,0.001,254,0.005218041375637209
23,0.2,recommended_solve,0.001,255,0.005215886019602322
23,0.2,recommended_solve,0.001,256,0.005214344601099756
23,0.2,recommended_solve,0.001,257,0.005213489594110546
23,0.2,recommended_solve,0.001,258,0.005212409989019957
23,0.2,recommended_solve,0.001,259,0.005210595118242009
23,0.2,recommended_solve,0.001,260,0.005207474440814037
23,0.2,recommended_solve,0.001,261,0.0052031164588464815
23,0.2,recommended_solve,0.001,262,0.005194334423267012
23,0.2,recommended_solve,0.001,263,0.005177573028875904
23,0.2,recommended_solve,0.001,264,0.005154014144440287
23,0.2,recommended_solve,0.001,265,0.005113458181133477
23,0.2,recommended_solve,0.001,266,0.005056416990439011
23,0.2,recommended_solve,0.001,267,0.004969660278951333
23,0.2,recommended_solve,0.001,268,0.004845035803826101
23,0.2,recommended_solve,0.001,269,0.00465562016497557
23,0.2,recommended_solve,0.001,270,0.004368148144979399
23,0.2,recommended_solve,0.001,271,0.0039755858133158324
23,0.2,recommended_solve,0.001,272,0.003451118884005118
23,0.2,recommended_solve,0.001,273,0.002964229316095052
23,0.2,recommended_solve,0.001,274,0.002504336686785452
23,0.2,recommended_solve,0.001,275,0.002199956081531298
23,0.2,recommended_solve,0.001,276,0.0019759497186496383
23,0.2,recommended_solve,0.001,277,0.0018711188169469313
23,0.2,recommended_solve,0.001,278,0.0017973795345190568
23,0.2,recommended_solve,0.001,279,0.0017674915272041308
23,0.2,recommended_solve,0.001,280,0.0017460483823843983
23,0.2,recommended_solve,0.001,281,0.0017382955522781797
23,0.2,recommended_solve,0.001,282,0.0017324085200293732
23,0.2,recommended_solve,0.001,283,0.0017298635578348875
23,0.2,recommended_solve,0.001,284,0.0017274992854816708
23,0.2,recommended_solve,0.001,285,0.0017264833984416649
23,0.2,recommended_solve,0.001,286,0.0017256902415546307
23,0.2,recommended_solve,0.001,287,0.0017253034937712575
23,0.2,recommended_solve,0.001,288,0.0017248141380503971
23,0.2,recommended_solve,0.001,289,0.0017245897908658482
23,0.2,recommended_solve,0.001,290,0.001724300444916643
23,0.2,recommended_solve,0.001,291,0.0017241682478977161
23,0.2,recommended_solve,0.001,292,0.0017240625864699023
23,0.2,recommended_solve,0.001,293,0.0017238973250349502
23,0.2,recommended_solve,0.001,294,0.0017238070744515718
23,0.2,recommended_solve,0.001,295,0.0017237518005484042
23,0.2,recommended_solve,0.001,296,0.0017236806302582722
23,0.2,recommended_solve,0.001,297,0.0017236636043129689
23,0.2,recommended_solve,0.001,298,0.0017236421502432834
23,0.2,recommended_solve,0.001,299,0.0017235856327962925
23,0.2,recommended_solve,0.001,300,0.001723513685785608
23,0.2,recommended_solve,0.01,0,1.0
23,0.2,recommended_solve,0.01,1,0.3901824788621147
23,0.2,recommended_solve,0.01,2,0.2935637203071394
23,0.2,recommended_solve,0.01,3,0.24411850530570992
23,0.2,recommended_solve,0.01,4,0.22614706640910304
23,0.2,recommended_solve,0.01,5,0.2229802787069993
23,0.2,recommended_solve,0.01,6,0.22249237863200277
23,0.2,recommended_solve,0.01,7,0.2219685218779781
23,0.2,recommended_solve,0.01,8,0.2215669524878926
23,0.2,recommended_solve,0.01,9,0.22135551971495712
23,0.2,recommended_solve,0.01,10,0.22063210368641958
23,0.2,recommended_solve,0.01,11,0.21973938690230158
23,0.2,recommended_solve,0.01,12,0.21915384196436474
23,0.2,recommended_solve,0.01,13,0.21866737359171678
23,0.2,recommended_solve,0.01,14,0.21799685028463286
23,0.2,recommended_solve,0.01,15,0.21702148607154417
23,0.2,recommended_solve,0.01,16,0.21544732547089793
23,0.2,recommended_solve,0.01,17,0.21353449155529627
23,0.2,recommended_solve,0.01,18,0.2108991968368857
23,0.2,recommended_solve,0.01,19,0.2071102123246465
23,0.2,recommended_solve,0.01,20,0.20113687345626394
23,0.2,recommended_solve,0.01,21,0.19639323291075628
23,0.2,recommended_solve,0.01,22,0.19118369527401186
23,0.2,recommended_solve,0.01,23,0.18802850069872082
23,0.2,recommended_solve,0.01,24,0.1855898255849529
23,0.2,recommended_solve,0.01,25,0.18368572425929505
23,0.2,recommended_solve,0.01,26,0.17969161887704066
23,0.2,recommended_solve,0.01,27,0.17274573216584993
23,0.2,recommended_solve,0.01,28,0.15708334728501333
23,0.2,recommended_solve,0.01,29,0.13837431339030953
23,0.2,recommended_solve,0.01,30,0.11296073109977267
23,0.2,recommended_solve,0.01,31,0.09500420541510732
23,0.2,recommended_solve,0.01,32,0.07722838940127383
23,0.2,recommended_solve,0.01,33,0.06784808892000505
23,0.2,recommended_solve,0.01,34,0.061567136353283126
23,0.2,recommended_solve,0.01,35,0.057940669450308645
23,0.2,recommended_solve,0.01,36,0.05440986247749578
23,0.2,recommended_solve,0.01,37,0.05264851112509531
23,0.2,recommended_solve,0.01,38,0.05137823012012008
23,0.2,recommended_solve,0.01,39,0.050862528841034337
23,0.2,recommended_solve,0.01,40,0.05043768126842613
23,0.2,recommended_solve,0.01,41,0.05025513357898013
23,0.2,recommended_solve,0.01,42,0.05012199019283634
23,0.2,recommended_solve,0.01,43,0.05006820026647951
23,0.2,recommended_solve,0.01,44,0.049989096851969964
23,0.2,recommended_solve,0.01,45,0.04988996486897709
23,0.2,recommended_solve,0.01,46,0.04973575184556662
23,0.2,recommended_solve,0.01,47,0.049618695957373456
23,0.2,recommended_solve,0.01,48,0.04948816294468055
23,0.2,recommended_solve,0.01,49,0.049397507124078824
23,0.2,recommended_solve,0.01,50,0.0492886049148627
23,0.2,recommended_solve,0.01,51,0.04921752558920071
23,0.2,recommended_solve,0.01,52,0.04912738672734945
23,0.2,recommended_solve,0.01,53,0.04905902222221765
23,0.2,recommended_solve,0.01,54,0.04890138575628127
23,0.2,recommended_solve,0.01,55,0.04858157188001996
23,0.2,recommended_solve,0.01,56,0.04802534146109628
23,0.2,recommended_solve,0.01,57,0.047448464319391356
23,0.2,recommended_solve,0.01,58,0.04675773168916046
23,0.2,recommended_solve,0.01,59,0.04613888326585577
23,0.2,recommended_solve,0.01,60,0.045247538287305544
23,0.2,recommended_solve,0.01,61,0.04449224184602155
23,0.2,recommended_solve,0.01,62,0.04350595609339276
23,0.2,recommended_solve,0.01,63,0.042404066938198225
23,0.2,recommended_solve,0.01,64,0.040570145480515254
23,0.2,recommended_solve,0.01,65,0.039276255117632254
23,0.2,recommended_solve,0.01,66,0.038226478374145674
23,0.2,recommended_solve,0.01,67,0.037756794390254415
23,0.2,recommended_solve,0.01,68,0.037269950498984475
23,0.2,recommended_solve,0.01,69,0.03689751774886685
23,0.2,recommended_solve,0.01,70,0.03640560151349706
23,0.2,recommended_solve,0.01,71,0.03575663154413994
23,0.2,recommended_solve,0.01,72,0.034551951604347764
23,0.2,recommended_solve,0.01,73,0.033427541600542274
23,0.2,recommended_solve,0.01,74,0.031923664797694325
23,0.2,recommended_solve,0.01,75,0.031168815338560186
23,0.2,recommended_solve,0.01,76,0.030517510425286196
23,0.2,recommended_solve,0.01,77,0.030143944093962607
23,0.2,recommended_solve,0.01,78,0.02974417724356731
23,0.2,recommended_solve,0.01,79,0.029423719014833753
23,0.2,recommended_solve,0.01,80,0.029150511843611792
23,0.2,recommended_solve,0.01,81,0.02894272933489348
23,0.2,recommended_solve,0.01,82,0.028660496514516413
23,0.2,recommended_solve,0.01,83,0.028495959336930315
23,0.2,recommended_solve,0.01,84,0.028379123908948728
23,0.2,recommended_solve,0.01,85,0.028312803654646265
23,0.2,recommended_solve,0.01,86,0.028216609644914712
23,0.2,recommended_solve,0.01,87,0.02809605643493686
23,0.2,recommended_solve,0.01,88,0.027866105878272113
23,0.2,recommended_solve,0.01,89,0.027678467939560646
23,0.2,recommended_solve,0.01,90,0.027493798834003467
23,0.2,recommended_solve,0.01,91,0.027353293798713593
23,0.2,recommended_solve,0.01,92,0.027106213824565385
23,0.2,recommended_solve,0.01,93,0.026767365474641504
23,0.2,recommended_solve,0.01,94,0.026228996241738314
23,0.2,recommended_solve,0.01,95,0.025488169723490973
23,0.2,recommended_solve,0.01,96,0.024063605387439936
23,0.2,recommended_solve,0.01,97,0.022754248166048055
23,0.2,recommended_solve,0.01,98,0.02140121974121995
23,0.2,recommended_solve,0.01,99,0.020695953758804966
23,0.2,recommended_solve,0.01,100,0.020259996221089042
23,0.2,recommended_solve,0.01,101,0.020045607306590753
23,0.2,recommended_solve,0.01,102,0.019856811853412853
23,0.2,recommended_solve,0.01,103,0.019709955589785232
23,0.2,recommended_solve,0.01,104,0.0194498455180133
23,0.2,recommended_solve,0.01,105,0.01908522062237401
23,0.2,recommended_solve,0.01,106,0.018226798585616395
23,0.2,recommended_solve,0.01,107,0.016938473819998672
23,0.2,recommended_solve,0.01,108,0.014099448167695119
23,0.2,recommended_solve,0.01,109,0.010767965943600327
23,0.2,recommended_solve,0.01,110,0.007444536907541062
23,0.2,recommended_solve,0.01,111,0.005216663827453994
23,0.2,recommended_solve,0.01,112,0.003617188329723855
23,0.2,recommended_solve,0.01,113,0.0028308286107811016
23,0.2,recommended_solve,0.01,114,0.0023703102813592654
23,0.2,recommended_solve,0.01,115,0.0021791189637932924
23,0.2,recommended_solve,0.01,116,0.0020676257796906983
23,0.2,recommended_solve,0.01,117,0.002036335477641233
23,0.2,recommended_solve,0.01,118,0.002022088512938904
23,0.2,recommended_solve,0.01,119,0.0020173103618753466
23,0.2,recommended_solve,0.01,120,0.0020137059691816895
23,0.2,recommended_solve,0.01,121,0.0020131626940622163
23,0.2,recommended_solve,0.01,122,0.0020127655525177136
23,0.2,recommended_solve,0.01,123,0.002012180199221079
23,0.2,recommended_solve,0.01,124,0.00201017032246674
23,0.2,recommended_solve,0.01,125,0.0020060983870994562
23,0.2,recommended_solve,0.01,126,0.0019887770386390518
23,0.2,recommended_solve,0.01,127,0.0019548559046413767
23,0.2,recommended_solve,0.01,128,0.001899247991049702
23,0.2,recommended_solve,0.01,129,0.0018625609935778212
23,0.2,recommended_solve,0.01,130,0.0018271938993720922
23,0.2,recommended_solve,0.01,131,0.001805627377245693
23,0.2,recommended_solve,0.01,132,0.0017939651647130726
23,0.2,recommended_solve,0.01,133,0.0017909539977844543
23,0.2,recommended_solve,0.01,134,0.0017897820526944564
23,0.2,recommended_solve,0.01,135,0.001789384837530053
23,0.2,recommended_solve,0.01,136,0.0017892836664299965
23,0.2,recommended_solve,0.01,137,0.0017891607120826937
23,0.2,recommended_solve,0.01,138,0.001788780850344962
23,0.2,recommended_solve,0.01,139,0.0017884314877541023
23,0.2,recommended_solve,0.01,140,0.001787236435123987
23,0.2,recommended_solve,0.01,141,0.0017834153446461857
23,0.2,recommended_solve,0.01,142,0.0017633601766072016
23,0.2,recommended_solve,0.01,143,0.0016933493913441728
23,0.2,recommended_solve,0.01,144,0.0014358395630565879
23,0.2,recommended_solve,0.01,145,0.0010520459004445953
23,0.2,recommended_solve,0.01,146,0.0006327741103132802
23,0.2,recommended_solve,0.01,147,0.00040234524567756946
23,0.2,recommended_solve,0.01,148,0.00026010545741203935
23,0.2,recommended_solve,0.01,149,0.00019239008586039252
23,0.2,recommended_solve,0.01,150,0.00015382992100328776
23,0.2,recommended_solve,0.01,151,0.00014252018483454785
23,0.2,recommended_solve,0.01,152,0.00013845368679779593
23,0.2,recommended_solve,0.01,153,0.00013777356252041065
23,0.2,recommended_solve,0.01,154,0.00013750711834187524
23,0.2,recommended_solve,0.01,155,0.0001373036310807875
23,0.2,recommended_solve,0.01,156,0.00013674117462747867
23,0.2,recommended_solve,0.01,157,0.00013449955691605527
23,0.2,recommended_solve,0.01,158,0.00012164800373294517
23,0.2,recommended_solve,0.01,159,9.470395099589213e-05
23,0.2,recommended_solve,0.01,160,5.8809262127995266e-05
23,0.2,recommended_solve,0.01,161,3.15482051604184e-05
23,0.2,recommended_solve,0.01,162,1.3130298600875064e-05
23,0.2,recommended_solve,0.01,163,5.518519272067836e-06
23,0.2,recommended_solve,0.01,164,2.0250964395171973e-06
23,0.2,recommended_solve,0.01,165,8.21303119566369e-07
23,0.35,probe,1e-12,0,1.0
23,0.35,probe,1e-12,1,0.35454430060613845
23,0.35,probe,1e-12,2,0.2729784150264885
23,0.35,probe,1e-12,3,0.23507935946959918
23,0.35,probe,1e-12,4,0.2273813098328237
23,0.35,probe,1e-12,5,0.22391830656929312
23,0.35,probe,1e-12,6,0.2214698776331766
23,0.35,probe,1e-12,7,0.21970044925117888
23,0.35,probe,1e-12,8,0.21833449936102137
23,0.35,probe,1e-12,9,0.2170266305223262
23,0.35,probe,1e-12,10,0.21521750342567958
23,0.35,probe,1e-12,11,0.21193890549649694
23,0.35,probe,1e-12,12,0.20808775508234403
23,0.35,probe,1e-12,13,0.20411247702812008
23,0.35,probe,1e-12,14,0.20045689265470698
23,0.35,probe,1e-12,15,0.19572535710472094
23,0.35,probe,1e-12,16,0.1894508634514447
23,0.35,probe,1e-12,17,0.18290189527209524
23,0.35,probe,1e-12,18,0.17660200973005913
23,0.35,probe,1e-12,19,0.17132187154799303
23,0.35,probe,1e-12,20,0.16697650716225473
23,0.35,probe,1e-12,21,0.16342326960668146
23,0.35,probe,1e-12,22,0.15956716489102463
23,0.35,probe,1e-12,23,0.1557991474394397
23,0.35,probe,1e-12,24,0.15073356125959916
23,0.35,probe,1e-12,25,0.14502748662107104
23,0.35,probe,1e-12,26,0.13729472461589554
23,0.35,probe,1e-12,27,0.13247717127580247
23,0.35,probe,1e-12,28,0.12864385078525103
23,0.35,probe,1e-12,29,0.1271441897210621
23,0.35,probe,1e-12,30,0.1251156377860754
23,0.35,probe,1e-12,31,0.12394721145389456
23,0.35,probe,1e-12,32,0.12264175453936974
23,0.35,probe,1e-12,33,0.1219205181178312
23,0.35,probe,1e-12,34,0.12110246375577356
23,0.35,probe,1e-12,35,0.12074998285231199
23,0.35,probe,1e-12,36,0.12035883937686286
23,0.35,probe,1e-12,37,0.12003512385522142
23,0.35,probe,1e-12,38,0.11956250316139291
23,0.35,probe,1e-12,39,0.11888783055767138
23,0.35,probe,1e-12,40,0.1176043323561189
23,0.35,probe,1e-12,41,0.11667312270388365
23,0.35,probe,1e-12,42,0.11549100387434702
23,0.35,probe,1e-12,43,0.11461125137865175
23,0.35,probe,1e-12,44,0.11358236783463847
23,0.35,probe,1e-12,45,0.11278955815921
23,0.35,probe,1e-12,46,0.11183854635192939
23,0.35,probe,1e-12,47,0.11105687225061835
23,0.35,probe,1e-12,48,0.11003274088110541
23,0.35,probe,1e-12,49,0.10937084276619956
23,0.35,probe,1e-12,50,0.10855681045503959
23,0.35,probe,1e-12,51,0.10799027642570981
23,0.35,probe,1e-12,52,0.10716484192540696
23,0.35,probe,1e-12,53,0.1066751878172641
23,0.35,probe,1e-12,54,0.10618749483722363
23,0.35,probe,1e-12,55,0.1059717292367973
23,0.35,probe,1e-12,56,0.10558324379335975
23,0.35,probe,1e-12,57,0.1052634035106873
23,0.35,probe,1e-12,58,0.10492575535348181
23,0.35,probe,1e-12,59,0.10457224173212137
23,0.35,probe,1e-12,60,0.10402822102709516
23,0.35,probe,1e-12,61,0.10359108605902113
23,0.35,probe,1e-12,62,0.10304137627041167
23,0.35,probe,1e-12,63,0.10274456316870288
23,0.35,probe,1e-12,64,0.10243163501309845
23,0.35,probe,1e-12,65,0.10223360951810419
23,0.35,probe,1e-12,66,0.10184082393931398
23,0.35,probe,1e-12,67,0.10138130221957214
23,0.35,probe,1e-12,68,0.10083813314678061
23,0.35,probe,1e-12,69,0.10050268074767828
23,0.35,probe,1e-12,70,0.09993198933874833
23,0.35,probe,1e-12,71,0.09940765149938685
23,0.35,probe,1e-12,72,0.09871713749945979
23,0.35,probe,1e-12,73,0.09792433867271219
23,0.35,probe,1e-12,74,0.09640911590943713
23,0.35,probe,1e-12,75,0.09511073481010511
23,0.35,probe,1e-12,76,0.0940194989408389
23,0.35,probe,1e-12,77,0.09347314533314269
23,0.35,probe,1e-12,78,0.09299488660148837
23,0.35,probe,1e-12,79,0.09269795009248165
23,0.35,probe,1e-12,80,0.09234737846914778
23,0.35,probe,1e-12,81,0.0921215753827069
23,0.35,probe,1e-12,82,0.09191999229281894
23,0.35,probe,1e-12,83,0.09181217306316353
23,0.35,probe,1e-12,84,0.09170964967855925
23,0.35,probe,1e-12,85,0.09164677280670264
23,0.35,probe,1e-12,86,0.09149304540936559
23,0.35,probe,1e-12,87,0.0913583282183916
23,0.35,probe,1e-12,88,0.0910910292054292
23,0.35,probe,1e-12,89,0.0908826683739284
23,0.35,probe,1e-12,90,0.09072662426009694
23,0.35,probe,1e-12,91,0.09061517029440586
23,0.35,probe,1e-12,92,0.09050805957121359
23,0.35,probe,1e-12,93,0.09045239916639324
23,0.35,probe,1e-12,94,0.09038306577994237
23,0.35,probe,1e-12,95,0.09033651917688529
23,0.35,probe,1e-12,96,0.09030629030220146
23,0.35,probe,1e-12,97,0.09027253535496266
23,0.35,probe,1e-12,98,0.09024378625434136
23,0.35,probe,1e-12,99,0.09022158532202039
23,0.35,probe,1e-12,100,0.09019113920608822
23,0.35,recommended_solve,0.001,0,1.0
23,0.35,recommended_solve,0.001,1,0.3461591226721481
23,0.35,recommended_solve,0.001,2,0.25622157866786116
23,0.35,recommended_solve,0.001,3,0.21503311696285346
23,0.35,recommended_solve,0.001,4,0.2082004733815266
23,0.35,recommended_solve,0.001,5,0.20555053321389838
23,0.35,recommended_solve,0.001,6,0.20438079930594874
23,0.35,recommended_solve,0.001,7,0.20316861477698087
23,0.35,recommended_solve,0.001,8,0.2014409868267552
23,0.35,recommended_solve,0.001,9,0.197552788119955
23,0.35,recommended_solve,0.001,10,0.1931404041616495
23,0.35,recommended_solve,0.001,11,0.18918251817912796
23,0.35,recommended_solve,0.001,12,0.18612667001965422
23,0.35,recommended_solve,0.001,13,0.18149539982439733
23,0.35,recommended_solve,0.001,14,0.17686133238742102
23,0.35,recommended_solve,0.001,15,0.16926663729633118
23,0.35,recommended_solve,0.001,16,0.16198510898583662
23,0.35,recommended_solve,0.001,17,0.15393554131036316
23,0.35,recommended_solve,0.001,18,0.14788409482306242
23,0.35,recommended_solve,0.001,19,0.14237687277257444
23,0.35,recommended_solve,0.001,20,0.13903633617296748
23,0.35,recommended_solve,0.001,21,0.13436773713882644
23,0.35,recommended_solve,0.001,22,0.12996478181453974
23,0.35,recommended_solve,0.001,23,0.1216249047300712
23,0.35,recommended_solve,0.001,24,0.11313024136331429
23,0.35,recommended_solve,0.001,25,0.10147020969990135
23,0.35,recommended_solve,0.001,26,0.09530949017102815
23,0.35,recommended_solve,0.001,27,0.09052228889493992
23,0.35,recommended_solve,0.001,28,0.08879939216816625
23,0.35,recommended_solve,0.001,29,0.08737470940622162
23,0.35,recommended_solve,0.001,30,0.08660842831223149
23,0.35,recommended_solve,0.001,31,0.08582134387266213
23,0.35,recommended_solve,0.001,32,0.08522704444526936
23,0.35,recommended_solve,0.001,33,0.0841318788418678
23,0.35,recommended_solve,0.001,34,0.08329451932201204
23,0.35,recommended_solve,0.001,35,0.0822360823560068
23,0.35,recommended_solve,0.001,36,0.08144220799596415
23,0.35,recommended_solve,0.001,37,0.08010872419484116
23,0.35,recommended_solve,0.001,38,0.07880545700686664
23,0.35,recommended_solve,0.001,39,0.07707926016353626
23,0.35,recommended_solve,0.001,40,0.07602125342178831
23,0.35,recommended_solve,0.001,41,0.07441768514597054
23,0.35,recommended_solve,0.001,42,0.07298139917981436
23,0.35,recommended_solve,0.001,43,0.07104976914613793
23,0.35,recommended_solve,0.001,44,0.06924077119701952
23,0.35,recommended_solve,0.001,45,0.06626331738211771
23,0.35,recommended_solve,0.001,46,0.06425088317716769
23,0.35,recommended_solve,0.001,47,0.06228462565800442
23,0.35,recommended_solve,0.001,48,0.061414696405616274
23,0.35,recommended_solve,0.001,49,0.06054734440764752
23,0.35,recommended_solve,0.001,50,0.05994944429270565
23,0.35,recommended_solve,0.001,51,0.059029292115532705
23,0.35,recommended_solve,0.001,52,0.0582820749853014
23,0.35,recommended_solve,0.001,53,0.05745785324418171
23,0.35,recommended_solve,0.001,54,0.056959629681646126
23,0.35,recommended_solve,0.001,55,0.0562100896534741
23,0.35,recommended_solve,0.001,56,0.05558436199943516
23,0.35,recommended_solve,0.001,57,0.0546325598259448
23,0.35,recommended_solve,0.001,58,0.05349078525142008
23,0.35,recommended_solve,0.001,59,0.05184001605554708
23,0.35,recommended_solve,0.001,60,0.05098239697519048
23,0.35,recommended_solve,0.001,61,0.050308206166049245
23,0.35,recommended_solve,0.001,62,0.04998231335890942
23,0.35,recommended_solve,0.001,63,0.04943443838454372
23,0.35,recommended_solve,0.001,64,0.04866914822662951
23,0.35,recommended_solve,0.001,65,0.046988474337472226
23,0.35,recommended_solve,0.001,66,0.04509230633925573
23,0.35,recommended_solve,0.001,67,0.04215558707048956
23,0.35,recommended_solve,0.001,68,0.03958527164318752
23,0.35,recommended_solve,0.001,69,0.036713715954383885
23,0.35,recommended_solve,0.001,70,0.03455450107406485
23,0.35,recommended_solve,0.001,71,0.03164382577194432
23,0.35,recommended_solve,0.001,72,0.029043076397913016
23,0.35,recommended_solve,0.001,73,0.026009417036950373
23,0.35,recommended_solve,0.001,74,0.024421280342400747
23,0.35,recommended_solve,0.001,75,0.023152425433371565
23,0.35,recommended_solve,0.001,76,0.022603713799446035
23,0.35,recommended_solve,0.001,77,0.02206271207613788
23,0.35,recommended_solve,0.001,78,0.021591265286163286
23,0.35,recommended_solve,0.001,79,0.020865295552449356
23,0.35,recommended_solve,0.001,80,0.02044829483762097
23,0.35,recommended_solve,0.001,81,0.020061332810267892
23,0.35,recommended_solve,0.001,82,0.019759376899040424
23,0.35,recommended_solve,0.001,83,0.019285136827564997
23,0.35,recommended_solve,0.001,84,0.018879116697165757
23,0.35,recommended_solve,0.001,85,0.01809064524211294
23,0.35,recommended_solve,0.001,86,0.01725661278943623
23,0.35,recommended_solve,0.001,87,0.01615218299483261
23,0.35,recommended_solve,0.001,88,0.015584260932826161
23,0.35,recommended_solve,0.001,89,0.015245589028191781
23,0.35,recommended_solve,0.001,90,0.015080950370701581
23,0.35,recommended_solve,0.001,91,0.014964448671575648
23,0.35,recommended_solve,0.001,92,0.014882755593644074
23,0.35,recommended_solve,0.001,93,0.014658056811926907
23,0.35,recommended_solve,0.001,94,0.014191344639001749
23,0.35,recommended_solve,0.001,95,0.013073963469534872
23,0.35,recommended_solve,0.001,96,0.011329343092000612
23,0.35,recommended_solve,0.001,97,0.008217500658132659
23,0.35,recommended_solve,0.001,98,0.00583105159193819
23,0.35,recommended_solve,0.001,99,0.00397953924190769
23,0.35,recommended_solve,0.001,100,0.0031812599691526493
23,0.35,recommended_solve,0.001,101,0.0027537211957513684
23,0.35,recommended_solve,0.001,102,0.002631494960577018
23,0.35,recommended_solve,0.001,103,0.002579360342001125
23,0.35,recommended_solve,0.001,104,0.002559447679612506
23,0.35,recommended_solve,0.001,105,0.0025433840511807355
23,0.35,recommended_solve,0.001,106,0.0025293492107972327
23,0.35,recommended_solve,0.001,107,0.0025037203608442443
23,0.35,recommended_solve,0.001,108,0.0024539844515562882
23,0.35,recommended_solve,0.001,109,0.002286773654066475
23,0.35,recommended_solve,0.001,110,0.0019950072790943197
23,0.35,recommended_solve,0.001,111,0.0016187445045178005
23,0.35,recommended_solve,0.001,112,0.0013330764265369116
23,0.35,recommended_solve,0.001,113,0.0010994609986013884
23,0.35,recommended_solve,0.001,114,0.0009786978415789991
23,0.35,recommended_solve,0.001,115,0.0009435869264105923
23,0.35,recommended_solve,0.001,116,0.0009335301422682787
23,0.35,recommended_solve,0.001,117,0.0009301650311181877
23,0.35,recommended_solve,0.001,118,0.000928641752034349
23,0.35,recommended_solve,0.001,119,0.0009281774455887568
23,0.35,recommended_solve,0.001,120,0.0009278692638260762
23,0.35,recommended_solve,0.001,121,0.0009277836670175416
23,0.35,recommended_solve,0.001,122,0.0009276842216037385
23,0.35,recommended_solve,0.001,123,0.0009276031114941157
23,0.35,recommended_solve,0.001,124,0.0009270370492991694
23,0.35,recommended_solve,0.001,125,0.0009255350137987915
23,0.35,recommended_solve,0.001,126,0.0009164746015051078
23,0.35,recommended_solve,0.001,127,0.000891082674062194
23,0.35,recommended_solve,0.001,128,0.000801457972878305
23,0.35,recommended_solve,0.001,129,0.0006492668075068214
23,0.35,recommended_solve,0.001,130,0.0004046008116179665
23,0.35,recommended_solve,0.001,131,0.00023120209170806048
23,0.35,recommended_solve,0.001,132,0.00012443771351184425
23,0.35,recommended_solve,0.001,133,7.412152876400147e-05
23,0.35,recommended_solve,0.001,134,4.06112568873447e-05
23,0.35,recommended_solve,0.001,135,2.3891596537227847e-05
23,0.35,recommended_solve,0.001,136,1.1647081530001519e-05
23,0.35,recommended_solve,0.001,137,6.112926042552798e-06
23,0.35,recommended_solve,0.001,138,3.186904265451672e-06
23,0.35,recommended_solve,0.001,139,1.752387596573807e-06
23,0.35,recommended_solve,0.001,140,8.908429111136074e-07
