run_id,preset,rho_min,iteration,max_iter,compliance,grayness,used_surrogate,uncertainty,beta,change,penal,rmin,move,emin,cg_iters,solver_true_rel_residual,selected_rho_min,policy_trigger,policy_fallback_used,policy_attempted_rho_mins,policy_probe_r50,policy_probe_r100,policy_probe_true_rel_residual,vram_used_gb
cantilever_gpu_medium_guarded_adaptive,cantilever_gpu_medium,1e-12,1,40,465.67709703573536,0.8175761953973183,False,0.0,1.0,0.2,1.5,1.5,0.2,1e-12,17,3.871760432515838e-07,1e-12,probe_converged_keep,0,1e-12,3.871760425110457e-07,3.871760425110457e-07,3.871760432515838e-07,3.07763671875
cantilever_gpu_medium_guarded_adaptive,cantilever_gpu_medium,1e-12,2,40,6.05866017318292,0.7715550491853095,False,0.0,1.0,0.2,1.5,1.5,0.2,1e-12,15,6.897648991092751e-07,1e-12,probe_converged_keep,0,1e-12,6.897648990504886e-07,6.897648990504886e-07,6.897648991092751e-07,3.34716796875
cantilever_gpu_medium_guarded_adaptive,cantilever_gpu_medium,1e-12,3,40,4.627184830475333,0.7199821835468833,False,0.0,1.0,0.2,1.5,1.5,0.2,1e-12,12,9.046453285500156e-07,1e-12,probe_converged_keep,0,1e-12,9.046453298914698e-07,9.046453298914698e-07,9.046453285500156e-07,3.34716796875
cantilever_gpu_medium_guarded_adaptive,cantilever_gpu_medium,1e-12,4,40,3.9643821780912933,0.657454025861816,False,0.0,1.0,0.2,1.5,1.5,0.2,1e-12,14,4.259443564810139e-07,1e-12,probe_converged_keep,0,1e-12,4.259443553249971e-07,4.259443553249971e-07,4.259443564810139e-07,3.34716796875
cantilever_gpu_medium_guarded_adaptive,cantilever_gpu_medium,1e-12,5,40,3.715323590614988,0.6159781640624826,False,0.0,1.0,0.20000000000000007,1.5,1.5,0.2,1e-12,16,5.6205149579007e-07,1e-12,probe_converged_keep,0,1e-12,5.620514955223941e-07,5.620514955223941e-07,5.6205149579007e-07,3.34716796875
cantilever_gpu_medium_guarded_adaptive,cantilever_gpu_medium,1e-12,6,40,3.655359041838395,0.5973412538846637,False,0.0,1.0,0.2,1.5,1.5,0.2,1e-12,16,6.097007172904064e-07,1e-12,probe_converged_keep,0,1e-12,6.097007163393953e-07,6.097007163393953e-07,6.097007172904064e-07,3.34716796875
cantilever_gpu_medium_guarded_adaptive,cantilever_gpu_medium,1e-12,7,40,3.6124151188677867,0.5806527919517063,False,0.0,1.0,0.13711501415957772,1.5,1.5,0.2,1e-12,14,4.0052826558761117e-07,1e-12,probe_converged_keep,0,1e-12,4.005282647497519e-07,4.005282647497519e-07,4.0052826558761117e-07,3.34716796875
cantilever_gpu_medium_guarded_adaptive,cantilever_gpu_medium,1e-12,8,40,3.5763565268886697,0.5644565413820307,False,0.0,1.0,0.1509552741279918,1.5,1.5,0.2,1e-12,13,8.726737785816941e-07,1e-12,probe_converged_keep,0,1e-12,8.72673779458039e-07,8.72673779458039e-07,8.726737785816941e-07,3.34716796875
cantilever_gpu_medium_guarded_adaptive,cantilever_gpu_medium,1e-12,9,40,3.543987420620418,0.5485837018773296,False,0.0,1.0,0.13569722958011687,1.5,1.5,0.2,1e-12,15,8.40058805902793e-07,1e-12,probe_converged_keep,0,1e-12,8.400588053921074e-07,8.400588053921074e-07,8.40058805902793e-07,3.34716796875
cantilever_gpu_medium_guarded_adaptive,cantilever_gpu_medium,1e-12,10,40,3.514449977728268,0.533245050851515,False,0.0,1.0,0.127992452676835,1.5,1.5,0.2,1e-12,15,9.178363574482373e-07,1e-12,probe_converged_keep,0,1e-12,9.178363579802911e-07,9.178363579802911e-07,9.178363574482373e-07,3.34716796875
cantilever_gpu_medium_guarded_adaptive,cantilever_gpu_medium,1e-12,11,40,3.487359060523353,0.5186375206216474,False,0.0,1.0,0.14201078082833996,1.5,1.5,0.2,1e-12,15,8.690614592853379e-07,1e-12,probe_converged_keep,0,1e-12,8.690614595440481e-07,8.690614595440481e-07,8.690614592853379e-07,3.34716796875
cantilever_gpu_medium_guarded_adaptive,cantilever_gpu_medium,1e-12,12,40,3.462611417381827,0.5051826956280795,False,0.0,1.0,0.11454838130237699,1.5,1.5,0.2,1e-12,15,7.964969339570163e-07,1e-12,probe_converged_keep,0,1e-12,7.964969338136122e-07,7.964969338136122e-07,7.964969339570163e-07,3.34716796875
cantilever_gpu_medium_guarded_adaptive,cantilever_gpu_medium,1e-12,13,40,3.4398008708318937,0.49292250843594776,False,0.0,1.0,0.1271891448283745,1.5,1.5,0.2,1e-12,15,8.328317246215865e-07,1e-12,probe_converged_keep,0,1e-12,8.328317242920028e-07,8.328317242920028e-07,8.328317246215865e-07,3.34716796875
cantilever_gpu_medium_guarded_adaptive,cantilever_gpu_medium,1e-12,14,40,3.4186775324889833,0.48187000288875653,False,0.0,1.0,0.12289243626089208,1.5,1.5,0.2,1e-12,15,7.391857843722428e-07,1e-12,probe_converged_keep,0,1e-12,7.391857842791784e-07,7.391857842791784e-07,7.391857843722428e-07,3.34716796875
cantilever_gpu_medium_guarded_adaptive,cantilever_gpu_medium,1e-12,15,40,3.3990789148329603,0.4718643047097119,False,0.0,1.0,0.1135085436568376,1.5,1.5,0.2,1e-12,16,6.453706873568342e-07,1e-12,probe_converged_keep,0,1e-12,6.453706873549313e-07,6.453706873549313e-07,6.453706873568342e-07,3.34716796875
cantilever_gpu_medium_guarded_adaptive,cantilever_gpu_medium,1e-12,16,40,3.3802923359707187,0.4622930574708537,False,0.0,4.0,0.11063589065474444,3.5,1.4,0.15,1e-12,16,6.205324966332914e-07,1e-12,probe_converged_keep,0,1e-12,6.205324964718965e-07,6.205324964718965e-07,6.205324966332914e-07,3.34716796875
cantilever_gpu_medium_guarded_adaptive,cantilever_gpu_medium,1e-12,17,40,21.413817518958098,0.27269169767599916,False,0.0,4.0,0.15000000000000002,3.5,1.35,0.15,1e-12,52,6.605640298294535e-07,0.001,high_r50,0,1e-12;1e-03,0.25417048856263297,0.15995749410496773,0.1599574941046826,3.34716796875
cantilever_gpu_medium_guarded_adaptive,cantilever_gpu_medium,1e-12,18,40,6.053655122798684,0.3586596115549407,False,0.0,4.0,0.15000000000000002,3.5,1.35,0.15,1e-12,50,5.975584547531787e-07,0.001,high_r50,0,1e-12;1e-03,0.08036235270794431,0.044331533778683395,0.04433153377870067,3.34716796875
cantilever_gpu_medium_guarded_adaptive,cantilever_gpu_medium,1e-12,19,40,4.2774855608625995,0.29626697819271847,False,0.0,4.0,0.15000000000000002,3.5,1.35,0.15,1e-12,52,8.266241545715518e-07,0.001,high_r50,0,1e-12;1e-03,0.06527661089346262,0.006915991384704896,0.006915991384729448,3.34716796875
cantilever_gpu_medium_guarded_adaptive,cantilever_gpu_medium,1e-12,20,40,3.5523171182698166,0.19032693767849243,False,0.0,4.0,0.15000000000000002,3.5,1.35,0.15,1e-12,52,9.563574736769098e-07,0.001,high_r50,0,1e-12;1e-03,0.049289846237527066,0.01913923138741141,0.0191392313873897,3.34716796875
cantilever_gpu_medium_guarded_adaptive,cantilever_gpu_medium,1e-12,21,40,3.2207475687762828,0.11391148114964347,False,0.0,4.0,0.15000000000000002,3.5,1.35,0.15,1e-12,51,8.615153128763887e-07,0.001,high_r50,0,1e-12;1e-03,0.07545979708172515,0.026117104998104976,0.026117104998123565,3.34716796875
cantilever_gpu_medium_guarded_adaptive,cantilever_gpu_medium,1e-12,22,40,3.098070557790066,0.07457021763532484,False,0.0,4.0,0.15000000000000002,3.5,1.35,0.15,1e-12,56,9.310013370895071e-07,0.001,high_r50,0,1e-12;1e-03,0.061172359305017264,0.021121000301883804,0.021121000301846236,3.34716796875
cantilever_gpu_medium_guarded_adaptive,cantilever_gpu_medium,1e-12,23,40,3.0483093519360582,0.057565338362454206,False,0.0,4.0,0.15000000000000002,3.5,1.35,0.15,1e-12,54,9.839574161105005e-07,0.001,high_r50,0,1e-12;1e-03,0.05838437605254168,0.017032721641113937,0.017032721641085987,3.34716796875
cantilever_gpu_medium_guarded_adaptive,cantilever_gpu_medium,1e-12,24,40,3.024428385822942,0.0499909291635679,False,0.0,4.0,0.15000000000000002,3.5,1.35,0.15,1e-12,52,7.94877402110092e-07,0.001,high_r50,0,1e-12;1e-03,0.08005403658326735,0.03281341290682679,0.03281341290679264,3.34716796875
cantilever_gpu_medium_guarded_adaptive,cantilever_gpu_medium,1e-12,25,40,3.009731386661052,0.04552188788780716,False,0.0,4.0,0.15000000000000002,3.5,1.35,0.15,1e-12,58,7.079408123692362e-07,0.001,high_r50,0,1e-12;1e-03,0.09392067497714092,0.05027911850894565,0.050279118508934635,3.34716796875
cantilever_gpu_medium_guarded_adaptive,cantilever_gpu_medium,1e-12,26,40,2.9992615890841288,0.042663106132674905,False,0.0,4.0,0.15000000000000002,3.5,1.35,0.15,1e-12,58,8.973939448568329e-07,0.001,high_r50,0,1e-12;1e-03,0.10095459601522778,0.05964397609784626,0.0596439760977844,3.34716796875
cantilever_gpu_medium_guarded_adaptive,cantilever_gpu_medium,1e-12,27,40,2.9910822424130012,0.04077343085371568,False,0.0,4.0,0.15000000000000002,3.5,1.35,0.15,1e-12,56,8.552354862108887e-07,0.001,high_r50,0,1e-12;1e-03,0.1020456916531619,0.06697313916748969,0.06697313916741444,3.61669921875
cantilever_gpu_medium_guarded_adaptive,cantilever_gpu_medium,1e-12,28,40,2.984456952008554,0.03942234738753976,False,0.0,4.0,0.15000000000000002,3.5,1.35,0.15,1e-12,59,9.266522838027257e-07,0.001,high_r50,0,1e-12;1e-03,0.10239128371313366,0.062089836398290875,0.06208983639818147,3.61669921875
cantilever_gpu_medium_guarded_adaptive,cantilever_gpu_medium,1e-12,29,40,2.97971684218426,0.03847112820878118,False,0.0,4.0,0.15000000000000002,3.5,1.35,0.15,1e-12,59,5.588549629942772e-07,0.001,high_r50,0,1e-12;1e-03,0.08999946812118027,0.0494004650904312,0.04940046509052177,3.61669921875
cantilever_gpu_medium_guarded_adaptive,cantilever_gpu_medium,1e-12,30,40,2.9763769363045323,0.03782596447944508,False,0.0,4.0,0.15000000000000002,3.5,1.35,0.15,1e-12,53,7.156598402279892e-07,0.001,high_r50,0,1e-12;1e-03,0.07909444026715655,0.051481923933145664,0.05148192393315668,3.61669921875
cantilever_gpu_medium_guarded_adaptive,cantilever_gpu_medium,1e-12,31,40,2.9737176510644003,0.03734232285293479,False,0.0,4.0,0.15000000000000002,3.5,1.35,0.15,1e-12,53,9.525104008144859e-07,0.001,high_r50,0,1e-12;1e-03,0.07996832506946176,0.04084911332422113,0.04084911332441717,3.61669921875
cantilever_gpu_medium_guarded_adaptive,cantilever_gpu_medium,1e-12,32,40,2.971485046837732,0.03697308816207189,False,0.0,4.0,0.15000000000000002,3.5,1.35,0.15,1e-12,52,7.491653293367196e-07,0.001,high_r50,0,1e-12;1e-03,0.07648270826831484,0.034178694249015804,0.03417869424903997,3.61669921875
cantilever_gpu_medium_guarded_adaptive,cantilever_gpu_medium,1e-12,33,40,2.9694498586038653,0.03666792843015962,False,0.0,4.0,0.15000000000000002,3.5,1.35,0.15,1e-12,54,5.962974306456611e-07,0.001,high_r50,0,1e-12;1e-03,0.07536398775548842,0.03481913886272408,0.03481913886270899,3.61669921875
cantilever_gpu_medium_guarded_adaptive,cantilever_gpu_medium,1e-12,34,40,2.967663172045886,0.036371009707186604,False,0.0,4.0,0.15000000000000002,3.5,1.35,0.15,1e-12,54,8.089938612649061e-07,0.001,high_r50,0,1e-12;1e-03,0.07310886290437975,0.035506781644009895,0.03550678164384364,3.61669921875
cantilever_gpu_medium_guarded_adaptive,cantilever_gpu_medium,1e-12,35,40,2.9659473300569656,0.03607506689497993,False,0.0,4.0,0.15000000000000002,3.5,1.35,0.15,1e-12,54,5.818085397827683e-07,0.001,high_r50,0,1e-12;1e-03,0.06967650140038355,0.03468287201248867,0.034682872012391674,3.61669921875
cantilever_gpu_medium_guarded_adaptive,cantilever_gpu_medium,1e-12,36,40,2.964548289227268,0.03580811370121822,False,0.0,4.0,0.15000000000000002,3.5,1.35,0.15,1e-12,53,5.115724301108409e-07,0.001,high_r50,0,1e-12;1e-03,0.07242305848404014,0.03599273811270405,0.03599273811268646,3.61669921875
cantilever_gpu_medium_guarded_adaptive,cantilever_gpu_medium,1e-12,37,40,2.9635898900382776,0.03561278603794,False,0.0,4.0,0.15000000000000002,3.5,1.35,0.15,1e-12,54,8.784577556249628e-07,0.001,high_r50,0,1e-12;1e-03,0.07321292222936691,0.03639049205523919,0.03639049205526798,3.61669921875
cantilever_gpu_medium_guarded_adaptive,cantilever_gpu_medium,1e-12,38,40,2.9630303385265697,0.035512619381781636,False,0.0,4.0,0.15000000000000002,3.5,1.35,0.15,1e-12,54,7.953317362768897e-07,0.001,high_r50,0,1e-12;1e-03,0.07605028203161635,0.038134295234856154,0.03813429523473819,3.61669921875
cantilever_gpu_medium_guarded_adaptive,cantilever_gpu_medium,1e-12,39,40,2.9625315698893355,0.03544800747604968,False,0.0,4.0,0.15000000000000002,3.5,1.35,0.15,1e-12,55,7.172423926736713e-07,0.001,high_r50,0,1e-12;1e-03,0.07568328622863507,0.03805313894282562,0.038053138942712825,3.61669921875
cantilever_gpu_medium_guarded_adaptive,cantilever_gpu_medium,1e-12,40,40,2.9620188207802873,0.035388170111706314,False,0.0,4.0,0.15000000000000002,3.5,1.35,0.15,1e-12,54,8.404614718987028e-07,0.001,high_r50,0,1e-12;1e-03,0.07467482963849974,0.037438674039895876,0.03743867403975881,3.61669921875
bridge_gpu_medium_guarded_adaptive,bridge_gpu_medium,1e-12,1,40,368.95474525835976,0.8175761953973182,False,0.0,1.0,0.2,1.5,1.5,0.2,1e-12,34,5.642016827904717e-07,1e-12,probe_converged_keep,0,1e-12,5.642016828220323e-07,5.642016828220323e-07,5.642016827904717e-07,3.61865234375
bridge_gpu_medium_guarded_adaptive,bridge_gpu_medium,1e-12,2,40,4.216399475961633,0.7722537937120435,False,0.0,1.0,0.19999999999999996,1.5,1.5,0.2,1e-12,32,3.6175762081867574e-07,1e-12,probe_converged_keep,0,1e-12,3.6175761481892316e-07,3.6175761481892316e-07,3.6175762081867574e-07,3.61865234375
bridge_gpu_medium_guarded_adaptive,bridge_gpu_medium,1e-12,3,40,2.8490099367285238,0.6954499127882227,False,0.0,1.0,0.20000000000000007,1.5,1.5,0.2,1e-12,34,3.951524755277826e-07,1e-12,probe_converged_keep,0,1e-12,3.9515248479692195e-07,3.9515248479692195e-07,3.951524755277826e-07,3.61865234375
bridge_gpu_medium_guarded_adaptive,bridge_gpu_medium,1e-12,4,40,2.250800569068355,0.620934807969452,False,0.0,1.0,0.2,1.5,1.5,0.2,1e-12,31,5.302801627167769e-07,1e-12,probe_converged_keep,0,1e-12,5.302802012549556e-07,5.302802012549556e-07,5.302801627167769e-07,3.61865234375
bridge_gpu_medium_guarded_adaptive,bridge_gpu_medium,1e-12,5,40,2.0532251173146716,0.57294585142475,False,0.0,1.0,0.14956791735185943,1.5,1.5,0.2,1e-12,31,6.414039235362938e-07,1e-12,probe_converged_keep,0,1e-12,6.414038844573248e-07,6.414038844573248e-07,6.414039235362938e-07,3.61865234375
bridge_gpu_medium_guarded_adaptive,bridge_gpu_medium,1e-12,6,40,2.0319511162628854,0.5540327709474535,False,0.0,1.0,0.12251800816491565,1.5,1.5,0.2,1e-12,29,6.16721561092993e-07,1e-12,probe_converged_keep,0,1e-12,6.167215417182018e-07,6.167215417182018e-07,6.16721561092993e-07,3.61865234375
bridge_gpu_medium_guarded_adaptive,bridge_gpu_medium,1e-12,7,40,2.0204508357374213,0.5394911864646226,False,0.0,1.0,0.11253817949839251,1.5,1.5,0.2,1e-12,28,7.181069145482398e-07,1e-12,probe_converged_keep,0,1e-12,7.181069474553853e-07,7.181069474553853e-07,7.181069145482398e-07,3.61865234375
bridge_gpu_medium_guarded_adaptive,bridge_gpu_medium,1e-12,8,40,2.012066213369062,0.5259846391306657,False,0.0,1.0,0.09044749598015811,1.5,1.5,0.2,1e-12,24,9.040838738275709e-07,1e-12,probe_converged_keep,0,1e-12,9.040838667589914e-07,9.040838667589914e-07,9.040838738275709e-07,3.61865234375
bridge_gpu_medium_guarded_adaptive,bridge_gpu_medium,1e-12,9,40,2.0048267395634016,0.5125291944688346,False,0.0,1.0,0.09558597357075904,1.5,1.5,0.2,1e-12,22,8.842046539875881e-07,1e-12,probe_converged_keep,0,1e-12,8.842046576346777e-07,8.842046576346777e-07,8.842046539875881e-07,3.61865234375
bridge_gpu_medium_guarded_adaptive,bridge_gpu_medium,1e-12,10,40,1.998048659231368,0.49871532967197213,False,0.0,1.0,0.10087631749258841,1.5,1.5,0.2,1e-12,25,7.906034225715529e-07,1e-12,probe_converged_keep,0,1e-12,7.906034423473935e-07,7.906034423473935e-07,7.906034225715529e-07,3.61865234375
bridge_gpu_medium_guarded_adaptive,bridge_gpu_medium,1e-12,11,40,1.9914621635628798,0.48439391565393203,False,0.0,1.0,0.09954403208835938,1.5,1.5,0.2,1e-12,19,8.28878320878189e-07,1e-12,probe_converged_keep,0,1e-12,8.288783113423599e-07,8.288783113423599e-07,8.28878320878189e-07,3.61865234375
bridge_gpu_medium_guarded_adaptive,bridge_gpu_medium,1e-12,12,40,1.9850199577915482,0.469867313928335,False,0.0,1.0,0.1002083323681221,1.5,1.5,0.2,1e-12,25,8.31861442771921e-07,1e-12,probe_converged_keep,0,1e-12,8.318614331909986e-07,8.318614331909986e-07,8.31861442771921e-07,3.61865234375
bridge_gpu_medium_guarded_adaptive,bridge_gpu_medium,1e-12,13,40,1.9786968129054472,0.4553972703175292,False,0.0,1.0,0.09746792426268602,1.5,1.5,0.2,1e-12,22,9.255137410435368e-07,1e-12,probe_converged_keep,0,1e-12,9.255137360231367e-07,9.255137360231367e-07,9.255137410435368e-07,3.61865234375
bridge_gpu_medium_guarded_adaptive,bridge_gpu_medium,1e-12,14,40,1.972634839387997,0.44177590992031074,False,0.0,1.0,0.0932729554871492,1.5,1.5,0.2,1e-12,29,6.999319121133691e-07,1e-12,probe_converged_keep,0,1e-12,6.999319277226613e-07,6.999319277226613e-07,6.999319121133691e-07,3.61865234375
bridge_gpu_medium_guarded_adaptive,bridge_gpu_medium,1e-12,15,40,1.967003232932025,0.4298646730347947,False,0.0,1.0,0.08983518718508521,1.5,1.5,0.2,1e-12,28,9.236998699757005e-07,1e-12,probe_converged_keep,0,1e-12,9.236998643371103e-07,9.236998643371103e-07,9.236998699757005e-07,3.61865234375
bridge_gpu_medium_guarded_adaptive,bridge_gpu_medium,1e-12,16,40,1.9617362980114474,0.4193095707284314,False,0.0,4.0,0.09290876352365207,3.5,1.4,0.15,1e-12,28,5.991897410483634e-07,1e-12,probe_converged_keep,0,1e-12,5.991897292996176e-07,5.991897292996176e-07,5.991897410483634e-07,3.61865234375
bridge_gpu_medium_guarded_adaptive,bridge_gpu_medium,1e-12,17,40,102.30909347676855,0.187699083115094,False,0.0,4.0,0.15000000000000002,3.5,1.35,0.15,1e-12,87,9.525558774974711e-07,1e-12,probe_converged_keep,0,1e-12,0.006015765914028117,9.525556048722629e-07,9.525558774974711e-07,3.61865234375
bridge_gpu_medium_guarded_adaptive,bridge_gpu_medium,1e-12,18,40,4.389675344709606,0.2528859409471977,False,0.0,4.0,0.15000000000000002,3.5,1.35,0.15,1e-12,77,7.724370924740202e-07,1e-12,probe_converged_keep,0,1e-12,0.0007800924012669473,7.724370931876341e-07,7.724370924740202e-07,3.61865234375
bridge_gpu_medium_guarded_adaptive,bridge_gpu_medium,1e-12,19,40,3.012229764340891,0.28573041690870893,False,0.0,4.0,0.15000000000000002,3.5,1.35,0.15,1e-12,92,6.770820224018881e-07,1e-12,probe_converged_keep,0,1e-12,0.012240729883313437,6.77081908571855e-07,6.770820224018881e-07,3.61865234375
bridge_gpu_medium_guarded_adaptive,bridge_gpu_medium,1e-12,20,40,2.56608695592026,0.23762325153215108,False,0.0,4.0,0.15000000000000002,3.5,1.35,0.15,1e-12,71,9.623394276395404e-07,0.001,high_r50,0,1e-12;1e-03,0.30133001156962264,0.005776619500172372,0.005776624383849298,3.61865234375
bridge_gpu_medium_guarded_adaptive,bridge_gpu_medium,1e-12,21,40,2.3755642547222555,0.22313031948288922,False,0.0,4.0,0.15000000000000002,3.5,1.35,0.15,1e-12,87,9.5923844405328e-07,0.001,high_r50,0,1e-12;1e-03,0.8240660055328382,0.16704663214236817,0.16704663215270638,3.61865234375
bridge_gpu_medium_guarded_adaptive,bridge_gpu_medium,1e-12,22,40,2.3175176430716475,0.1869191197336695,False,0.0,4.0,0.15000000000000002,3.5,1.35,0.15,1e-12,88,9.472681035727703e-07,0.001,high_r50,0,1e-12;1e-03,0.8626119864221794,0.20789528879655278,0.20789528879754346,3.61865234375
bridge_gpu_medium_guarded_adaptive,bridge_gpu_medium,1e-12,23,40,2.241356627400484,0.1716143920705312,False,0.0,4.0,0.15000000000000002,3.5,1.35,0.15,1e-12,112,7.938562048917231e-07,0.001,high_r50,0,1e-12;1e-03,0.8977838431644749,0.6589504140985412,0.6589504140970927,3.61865234375
bridge_gpu_medium_guarded_adaptive,bridge_gpu_medium,1e-12,24,40,2.2213079153089,0.14927382673993958,False,0.0,4.0,0.15000000000000002,3.5,1.35,0.15,1e-12,135,6.794483316691285e-07,0.001,high_r50,0,1e-12;1e-03,0.9736415698296127,0.7962827511376412,0.7962827511326185,3.61865234375
bridge_gpu_medium_guarded_adaptive,bridge_gpu_medium,1e-12,25,40,2.175680263240258,0.14314320835288113,False,0.0,4.0,0.15000000000000002,3.5,1.35,0.15,1e-12,129,8.105130941410826e-07,0.001,high_r50,0,1e-12;1e-03,0.9788859077825913,0.7841520083258391,0.784152008325819,3.61865234375
bridge_gpu_medium_guarded_adaptive,bridge_gpu_medium,1e-12,26,40,2.168635320746869,0.12939725464323987,False,0.0,4.0,0.15000000000000002,3.5,1.35,0.15,1e-12,158,9.5980109627905e-07,0.001,high_r50,0,1e-12;1e-03,0.9818397075846478,0.9140879646551446,0.9140879646551341,3.61865234375
bridge_gpu_medium_guarded_adaptive,bridge_gpu_medium,1e-12,27,40,2.1385428123527146,0.1273093952199663,False,0.0,4.0,0.15000000000000002,3.5,1.35,0.15,1e-12,147,8.029670871741123e-07,0.001,high_r50,0,1e-12;1e-03,0.9842877439012608,0.8816651773128342,0.8816651773130708,3.61865234375
bridge_gpu_medium_guarded_adaptive,bridge_gpu_medium,1e-12,28,40,2.1386792433557797,0.11785416019527394,False,0.0,4.0,0.15000000000000002,3.5,1.35,0.15,1e-12,181,7.913579634696651e-07,0.001,high_r50,0,1e-12;1e-03,0.9950162709473519,0.8901462784785654,0.8901462784784515,3.61865234375
bridge_gpu_medium_guarded_adaptive,bridge_gpu_medium,1e-12,29,40,2.1120469705242004,0.11746941694208879,False,0.0,4.0,0.15000000000000002,3.5,1.35,0.15,1e-12,163,9.996036289435532e-07,0.001,high_r50,0,1e-12;1e-03,0.9932019079405766,0.8890759045711523,0.8890759045710518,3.61865234375
bridge_gpu_medium_guarded_adaptive,bridge_gpu_medium,1e-12,30,40,2.113802280156832,0.10950132735729907,False,0.0,4.0,0.15000000000000002,3.5,1.35,0.15,1e-12,156,9.893626525343008e-07,0.001,high_r50,0,1e-12;1e-03,0.9949014593516261,0.8820277454084504,0.8820277454085943,3.61865234375
bridge_gpu_medium_guarded_adaptive,bridge_gpu_medium,1e-12,31,40,2.0918857327769356,0.10934280702557014,False,0.0,4.0,0.15000000000000002,3.5,1.35,0.15,1e-12,170,9.932789515825203e-07,0.001,high_r50,0,1e-12;1e-03,0.9952282224565286,0.9071591414588976,0.9071591414589695,3.61865234375
bridge_gpu_medium_guarded_adaptive,bridge_gpu_medium,1e-12,32,40,2.0942887409133384,0.10234407232564831,False,0.0,4.0,0.15000000000000002,3.5,1.35,0.15,1e-12,172,7.682601127399451e-07,0.001,high_r50,0,1e-12;1e-03,0.9973225768096262,0.9459289720819749,0.945928972082012,3.61865234375
bridge_gpu_medium_guarded_adaptive,bridge_gpu_medium,1e-12,33,40,2.076795646233417,0.10233380817309978,False,0.0,4.0,0.15000000000000002,3.5,1.35,0.15,1e-12,179,7.863488441447795e-07,0.001,high_r50,0,1e-12;1e-03,0.9961158015698656,0.9783692009805872,0.9783692009805874,3.61865234375
bridge_gpu_medium_guarded_adaptive,bridge_gpu_medium,1e-12,34,40,2.078413471530746,0.09610668187638434,False,0.0,4.0,0.15000000000000002,3.5,1.35,0.15,1e-12,181,8.041940514959846e-07,0.001,high_r50,0,1e-12;1e-03,0.9985567870641497,0.9797390247380597,0.9797390247380565,3.61865234375
bridge_gpu_medium_guarded_adaptive,bridge_gpu_medium,1e-12,35,40,2.06502755767075,0.09630376014714068,False,0.0,4.0,0.15000000000000002,3.5,1.35,0.15,1e-12,190,9.87057674458981e-07,0.001,high_r50,0,1e-12;1e-03,0.9963414267283497,0.9812024999612211,0.9812024999612486,3.61865234375
bridge_gpu_medium_guarded_adaptive,bridge_gpu_medium,1e-12,36,40,2.066379722752678,0.09128097414817317,False,0.0,4.0,0.15000000000000002,3.5,1.35,0.15,1e-12,207,7.684948073203437e-07,0.001,high_r50,0,1e-12;1e-03,0.9984558101490295,0.9815134926087646,0.9815134926087522,3.61865234375
bridge_gpu_medium_guarded_adaptive,bridge_gpu_medium,1e-12,37,40,2.055603854450187,0.0915840432075661,False,0.0,4.0,0.15000000000000002,3.5,1.35,0.15,1e-12,200,7.881708207212089e-07,0.001,high_r50,0,1e-12;1e-03,0.9962150046216044,0.9779325135612851,0.9779325135612699,3.61865234375
bridge_gpu_medium_guarded_adaptive,bridge_gpu_medium,1e-12,38,40,2.0566532494275975,0.08764699636955918,False,0.0,4.0,0.15000000000000002,3.5,1.35,0.15,1e-12,211,8.782992090396222e-07,0.001,high_r50,0,1e-12;1e-03,0.9978431211429198,0.9849103821040628,0.9849103821040579,3.61865234375
bridge_gpu_medium_guarded_adaptive,bridge_gpu_medium,1e-12,39,40,2.047810834183764,0.0878996509957046,False,0.0,4.0,0.15000000000000002,3.5,1.35,0.15,1e-12,199,7.963369937752133e-07,0.001,high_r50,0,1e-12;1e-03,0.9958597459801874,0.9812582459177175,0.981258245917704,3.61865234375
bridge_gpu_medium_guarded_adaptive,bridge_gpu_medium,1e-12,40,40,2.048722182321524,0.08488194779130243,False,0.0,4.0,0.15000000000000002,3.5,1.35,0.15,1e-12,209,7.086949603156136e-07,0.001,high_r50,0,1e-12;1e-03,0.9973852977897505,0.983948597168653,0.9839485971686506,3.61865234375
