label,artifact_id,preset,n_elem,rho_min,reference_rho_min,penal,solid_threshold,solid_count,solid_fraction,sensitivity_convention,setup_time_s,solve_time_s,solve_converged,solver_reported_converged,solve_iters,solve_final_rel_residual,compliance,reference_compliance,rel_compliance_change,rel_dc_l2_all,rel_dc_l2_solid,rel_dc_linf_solid,pearson_dc_solid
Medium cantilever,C64_MF,cantilever_gpu_medium,64000,1e-12,1e-12,4.5,0.5,19200,0.3,stored_density_derivative,4.733208699966781,7.373407899984159,1,1,17,2.5212708027994404e-07,2.864795833031229,2.864795833031229,0.0,0.0,0.0,0.0,1.0
Medium cantilever,C64_MF,cantilever_gpu_medium,64000,0.001,1e-12,4.5,0.5,19200,0.3,stored_density_derivative,0.04315479996148497,7.652870299993083,1,1,22,8.923524892754336e-07,2.859890288433188,2.864795833031229,-0.0017123539979637173,0.0010999108741642505,0.0010999108741642503,0.0010094849453318904,0.9999999496547171
Medium cantilever,C64_MF,cantilever_gpu_medium,64000,0.01,1e-12,4.5,0.5,19200,0.3,stored_density_derivative,0.043329000007361174,4.869631199981086,1,1,18,4.5664846897252925e-07,2.81819701645821,2.864795833031229,-0.01626601659906524,0.010817865116144944,0.010817865116144942,0.010075029954133478,0.9999962259420867
216k cantilever,C216_MF,cantilever_gpu_large,216000,1e-12,1e-12,4.5,0.5,64800,0.3,stored_density_derivative,0.3291241000406444,26.185799999977462,1,1,27,4.312369108931027e-07,2.1721909958453547,2.1721909958453547,0.0,0.0,0.0,0.0,0.9999999999999999
216k cantilever,C216_MF,cantilever_gpu_large,216000,0.001,1e-12,4.5,0.5,64800,0.3,stored_density_derivative,0.1440747999586165,21.122005600016564,1,1,23,9.478534132752605e-07,2.169068937972099,2.1721909958453547,-0.001437285155507606,0.0010156806716932747,0.0010156806716018043,0.00100305987755177,0.9999999924648214
216k cantilever,C216_MF,cantilever_gpu_large,216000,0.01,1e-12,4.5,0.5,64800,0.3,stored_density_derivative,0.14392119995318353,19.46238030004315,1,1,27,9.537532637743205e-07,2.142475389143808,2.1721909958453547,-0.013680015596410411,0.010125456394959988,0.010125456394950817,0.010023716935098018,0.9999994681419991
Large cantilever,C512_MF,cantilever_gpu_xlarge,512000,1e-12,1e-12,4.5,0.5,153596,0.2999921875,stored_density_derivative,1.1978139999555424,106.44554190000053,1,1,35,6.523649276563096e-07,1.8253598751394082,1.8253598751394082,0.0,0.0,0.0,0.0,1.0000000000000002
Large cantilever,C512_MF,cantilever_gpu_xlarge,512000,0.001,1e-12,4.5,0.5,153596,0.2999921875,stored_density_derivative,0.3896178000140935,71.51547230000142,1,1,26,6.725460782603387e-07,1.8230283463906245,1.8253598751394082,-0.001277298126543766,0.0010043494236256633,0.001004348064045448,0.001000877330831471,0.9999999979143537
Large cantilever,C512_MF,cantilever_gpu_xlarge,512000,0.01,1e-12,4.5,0.5,153596,0.2999921875,stored_density_derivative,0.4059108999790624,28.17320880002808,1,1,14,6.19742857516495e-07,1.8031974466221017,1.8253598751394082,-0.012141402262177988,0.010034615371020269,0.010034615234955606,0.010008305569869333,0.9999998549755131
Large bracket,Brk500_MF,bracket_gpu_500k,512000,1e-12,1e-12,4.5,0.5,153591,0.299982421875,stored_density_derivative,0.8994024998974055,110.34019360004459,1,1,35,7.662385329631136e-07,0.8204433436839833,0.8204433436839833,0.0,0.0,0.0,0.0,1.0
Large bracket,Brk500_MF,bracket_gpu_500k,512000,0.001,1e-12,4.5,0.5,153591,0.299982421875,stored_density_derivative,0.4003099000547081,32.035815500072204,1,1,12,9.234124965309974e-07,0.8203712416411671,0.8204433436839833,-8.78818060640272e-05,0.001000035320792791,0.0009999839375031687,0.0009999838810501285,0.9999999999988086
Large bracket,Brk500_MF,bracket_gpu_500k,512000,0.01,1e-12,4.5,0.5,153591,0.299982421875,stored_density_derivative,0.37824680004268885,7.843977599986829,1,1,4,2.4256125779727524e-07,0.8197690358106781,0.8204433436839833,-0.0008218823133812578,0.009999822756607551,0.009999817618645403,0.009999820674434596,0.9999999999163578
Large MBB beam,M500_MF,mbb_gpu_xlarge,514500,1e-12,1e-12,4.5,0.5,257157,0.49981924198250727,stored_density_derivative,1.212422899901867,802.9071918999543,1,1,247,9.422482319127202e-07,7.503671255823112,7.503671255823112,0.0,0.0,0.0,0.0,1.0000000000000002
Large MBB beam,M500_MF,mbb_gpu_xlarge,514500,0.001,1e-12,4.5,0.5,257157,0.49981924198250727,stored_density_derivative,0.4237577000167221,595.5462747000856,1,1,211,9.076170383740031e-07,7.338522107681945,7.503671255823112,-0.022009112940949392,0.00443096796610071,0.004373869286697153,0.003365590933250931,0.9999911139133927
Large MBB beam,M500_MF,mbb_gpu_xlarge,514500,0.01,1e-12,4.5,0.5,257157,0.49981924198250727,stored_density_derivative,0.4167017999570817,296.86082239996176,1,1,152,8.269371117144218e-07,6.752905754502418,7.503671255823112,-0.10005309077714104,0.018037467293809364,0.017931874774323914,0.010767728324331167,0.9998916976659032
Large torsion,T500_MF,torsion_gpu_500k,499125,1e-12,1e-12,4.5,0.5,124780,0.24999749561733034,stored_density_derivative,0.795535400044173,262.3282265000744,1,1,87,9.923020170523714e-07,2.0356521044099107,2.0356521044099107,0.0,0.0,0.0,0.0,1.0
Large torsion,T500_MF,torsion_gpu_500k,499125,0.001,1e-12,4.5,0.5,124780,0.24999749561733034,stored_density_derivative,0.3627892000367865,185.13688190001994,1,1,70,9.56531895336972e-07,2.0348365580923824,2.0356521044099107,-0.00040063148106770713,0.0010027002236463348,0.0010027002236463309,0.0010075242394009592,0.9999999997935245
Large torsion,T500_MF,torsion_gpu_500k,499125,0.01,1e-12,4.5,0.5,124780,0.24999749561733034,stored_density_derivative,0.37418959999922663,107.67283160006627,1,1,56,7.482947657753073e-07,2.0287894327165663,2.0356521044099107,-0.0033712399473748767,0.010012522248122975,0.010012522248122975,0.010036375934422827,0.9999999961098047
Large column,Col500_MF,column_gpu_500k,500000,1e-12,1e-12,4.5,0.5,99995,0.19999,stored_density_derivative,0.8812888000393286,494.7867850000039,1,1,158,9.78687134401821e-07,0.24853079146461254,0.24853079146461254,0.0,0.0,0.0,0.0,1.0
Large column,Col500_MF,column_gpu_500k,500000,0.001,1e-12,4.5,0.5,99995,0.19999,stored_density_derivative,0.39801360003184527,285.49623879999854,1,1,106,7.374187330802484e-07,0.2468773779568088,0.24853079146461254,-0.0066527511462866765,0.04417102443949282,0.04417102443949283,0.12756666215897455,0.9973077903336492
Large column,Col500_MF,column_gpu_500k,500000,0.01,1e-12,4.5,0.5,99995,0.19999,stored_density_derivative,0.3654009999008849,105.72441130003426,1,1,55,9.975899686053372e-07,0.2341632859330051,0.24853079146461254,-0.05780976050065489,0.14592342480282727,0.14592342480282727,0.2560321023643975,0.9946872285724221
