case_id,preset,seed,solid_probability,rho_min,reference_rho_min,penal,n_elem,solid_count,solid_fraction,sensitivity_convention,setup_time_s,solve_time_s,solve_converged,solver_reported_converged,solve_iters,solve_final_rel_residual,compliance,reference_compliance,rel_compliance_change,rel_dc_l2_all,rel_dc_l2_solid,rel_dc_l2_void,rel_dc_linf_all,rel_dc_linf_solid,pearson_dc_solid,history_len,source_dir
cantilever_gpu_medium_s41_q0.18,cantilever_gpu_medium,41,0.18,1e-12,1e-12,4.5,64000,11443,0.178796875,floor_substituted_density_derivative,16.1951936,50.05634880000001,1,1,266,9.130620313958616e-07,917.4999949966996,917.4999949966996,0.0,0.0,0.0,0.0,0.0,0.0,1.0,267,cantilever_s41
cantilever_gpu_medium_s41_q0.18,cantilever_gpu_medium,41,0.18,0.001,1e-12,4.5,64000,11443,0.178796875,floor_substituted_density_derivative,0.0345631999999938,13.510239299999997,1,1,83,7.168920883748236e-07,158.3301720499551,917.4999949966996,-0.8274330540453849,0.988271828865942,0.988271828865942,5.639772975535309e+25,0.9982647740025596,0.9982647740025596,0.2202741757000213,84,cantilever_s41
cantilever_gpu_medium_s41_q0.18,cantilever_gpu_medium,41,0.18,0.01,1e-12,4.5,64000,11443,0.178796875,floor_substituted_density_derivative,0.0210513999999903,6.766776300000004,1,1,48,5.037628876121914e-07,41.84689358850935,917.4999949966996,-0.9543903064668028,0.9977209750840246,0.9977209750840194,1.035534511141072e+28,0.9999764228849142,0.9999764228849142,0.1038542440025216,49,cantilever_s41
cantilever_gpu_medium_s41_q0.2,cantilever_gpu_medium,41,0.2,1e-12,1e-12,4.5,64000,12714,0.19865625,floor_substituted_density_derivative,0.0209733999999883,23.464813300000003,1,1,130,9.014843662243456e-07,192.55026633629024,192.55026633629024,0.0,0.0,0.0,0.0,0.0,0.0,1.0,131,cantilever_s41
cantilever_gpu_medium_s41_q0.2,cantilever_gpu_medium,41,0.2,0.001,1e-12,4.5,64000,12714,0.19865625,floor_substituted_density_derivative,0.0237467999999978,10.134536600000004,1,1,67,6.027422752007232e-07,91.6270130068813,192.55026633629024,-0.5241397752893566,0.7421976316915259,0.7421976316915261,1.5285218771502977e+25,0.7012284194996181,0.7012284194996181,0.880185122522908,68,cantilever_s41
cantilever_gpu_medium_s41_q0.2,cantilever_gpu_medium,41,0.2,0.01,1e-12,4.5,64000,12714,0.19865625,floor_substituted_density_derivative,0.0210679000000055,5.422314799999981,1,1,45,3.173849843627957e-07,29.603867878651062,192.55026633629024,-0.846253820148201,0.9405071981645906,0.9405071981644756,2.0885978220331336e+27,0.9435753745136004,0.9435753745136004,0.5036305713214856,46,cantilever_s41
cantilever_gpu_medium_s41_q0.25,cantilever_gpu_medium,41,0.25,1e-12,1e-12,4.5,64000,15985,0.249765625,floor_substituted_density_derivative,0.0206546000000003,10.577393099999997,1,1,60,6.27926858943526e-07,43.54160240810787,43.54160240810787,0.0,0.0,0.0,0.0,0.0,0.0,1.0000000000000002,61,cantilever_s41
cantilever_gpu_medium_s41_q0.25,cantilever_gpu_medium,41,0.25,0.001,1e-12,4.5,64000,15985,0.249765625,floor_substituted_density_derivative,0.0225938000000098,6.953509200000013,1,1,46,3.96781420578203e-07,36.84419776960114,43.54160240810787,-0.1538162186989151,0.2569872404593837,0.2569872404593837,1.456959946155157e+25,0.3157654964915531,0.3157654964915531,0.9943360816075956,47,cantilever_s41
cantilever_gpu_medium_s41_q0.25,cantilever_gpu_medium,41,0.25,0.01,1e-12,4.5,64000,15985,0.249765625,floor_substituted_density_derivative,0.0205832000000043,4.696826200000004,1,1,39,3.730582694641095e-07,19.83297275930433,43.54160240810787,-0.544505216564762,0.6947775263533059,0.6947775263524082,6.71231900204899e+27,0.8347421149125834,0.8347421149125834,0.8810581491227139,40,cantilever_s41
cantilever_gpu_medium_s41_q0.3,cantilever_gpu_medium,41,0.3,1e-12,1e-12,4.5,64000,19153,0.299265625,floor_substituted_density_derivative,0.0212944000000163,6.00798420000001,1,1,34,9.485899744268904e-07,23.58864850375621,23.58864850375621,0.0,0.0,0.0,0.0,0.0,0.0,1.0000000000000002,35,cantilever_s41
cantilever_gpu_medium_s41_q0.3,cantilever_gpu_medium,41,0.3,0.001,1e-12,4.5,64000,19153,0.299265625,floor_substituted_density_derivative,0.0208265999999923,4.884211499999992,1,1,33,9.064747072651124e-07,21.558062135256865,23.58864850375621,-0.0860832009165764,0.209187747991061,0.209187747991061,4.918932349571945e+24,0.2025145329996356,0.2025145329996356,0.9969961187817096,34,cantilever_s41
cantilever_gpu_medium_s41_q0.3,cantilever_gpu_medium,41,0.3,0.01,1e-12,4.5,64000,19153,0.299265625,floor_substituted_density_derivative,0.0210515999999927,4.003031700000008,1,1,33,4.389992986814746e-07,14.405080575867377,23.58864850375621,-0.3893214961605986,0.6238147053809807,0.6238147053798438,2.807445886113994e+27,0.5744796101045947,0.5744796101045947,0.9349567911324124,34,cantilever_s41
cantilever_gpu_medium_s41_q0.35,cantilever_gpu_medium,41,0.35,1e-12,1e-12,4.5,64000,22287,0.348234375,floor_substituted_density_derivative,0.0236999999999909,4.751254999999986,1,1,27,6.817607796083984e-07,15.915376278463826,15.915376278463826,0.0,0.0,0.0,0.0,0.0,0.0,1.0,28,cantilever_s41
cantilever_gpu_medium_s41_q0.35,cantilever_gpu_medium,41,0.35,0.001,1e-12,4.5,64000,22287,0.348234375,floor_substituted_density_derivative,0.0203597999999942,3.9991850000000113,1,1,27,9.6125805911933e-07,15.033116782543788,15.915376278463826,-0.0554344101253756,0.1460064367563722,0.1460064367563721,1.5622759047677658e+24,0.1257349844953572,0.1257349844953572,0.9984646130052988,28,cantilever_s41
cantilever_gpu_medium_s41_q0.35,cantilever_gpu_medium,41,0.35,0.01,1e-12,4.5,64000,22287,0.348234375,floor_substituted_density_derivative,0.0215564000000085,3.503287400000005,1,1,29,5.452321789049735e-07,11.194633653749914,15.915376278463826,-0.2966152067106241,0.5446694178257447,0.5446694178243423,1.2415927505699312e+27,0.4469045016355277,0.4469045016355277,0.9560826258580796,30,cantilever_s41
cantilever_gpu_medium_s43_q0.3,cantilever_gpu_medium,43,0.3,1e-12,1e-12,4.5,64000,19072,0.298,floor_substituted_density_derivative,16.2707896,16.244856900000002,1,1,90,8.414981588797134e-07,36.492257096467725,36.492257096467725,0.0,0.0,0.0,0.0,0.0,0.0,1.0,91,cantilever_s43
cantilever_gpu_medium_s43_q0.3,cantilever_gpu_medium,43,0.3,0.001,1e-12,4.5,64000,19072,0.298,floor_substituted_density_derivative,0.0260397999999995,7.910220899999999,1,1,53,6.508598676142709e-07,27.465855022488512,36.492257096467725,-0.2473511586339482,0.5525120980084419,0.5525120980084419,1.2801459558207385e+25,0.5702068469609236,0.5702068469609236,0.9583779391212944,54,cantilever_s43
cantilever_gpu_medium_s43_q0.3,cantilever_gpu_medium,43,0.3,0.01,1e-12,4.5,64000,19072,0.298,floor_substituted_density_derivative,0.0222441999999958,3.254798099999995,1,1,27,9.496504069322598e-07,15.20432479636147,36.492257096467725,-0.583354771502112,0.8504355223634862,0.850435522363001,2.653685124686053e+27,0.901557730438072,0.901557730438072,0.6871703579086833,28,cantilever_s43
cantilever_gpu_medium_s43_q0.35,cantilever_gpu_medium,43,0.35,1e-12,1e-12,4.5,64000,22217,0.347140625,floor_substituted_density_derivative,0.0206285000000008,11.3750548,1,1,65,9.91088486294288e-07,10.80657875312637,10.80657875312637,0.0,0.0,0.0,0.0,0.0,0.0,1.0,66,cantilever_s43
cantilever_gpu_medium_s43_q0.35,cantilever_gpu_medium,43,0.35,0.001,1e-12,4.5,64000,22217,0.347140625,floor_substituted_density_derivative,0.0210104000000015,5.951669299999999,1,1,40,9.670913760313865e-07,10.489242773786314,10.80657875312637,-0.0293650734973129,0.0346007627317079,0.0346007627317079,6.474746800548588e+22,0.0315500157471201,0.0315500157471201,0.9998168188863026,41,cantilever_s43
cantilever_gpu_medium_s43_q0.35,cantilever_gpu_medium,43,0.35,0.01,1e-12,4.5,64000,22217,0.347140625,floor_substituted_density_derivative,0.0208349000000112,3.483258300000003,1,1,29,2.423005438416632e-07,8.661428404677535,10.80657875312637,-0.1985041147114425,0.1947668672169469,0.1947668672162148,9.327171557491424e+25,0.1700742589691098,0.1700742589691098,0.9930053796663878,30,cantilever_s43
cantilever_gpu_medium_s47_q0.25,cantilever_gpu_medium,47,0.25,1e-12,1e-12,4.5,64000,15778,0.24653125,floor_substituted_density_derivative,15.8828448,31.178497499999995,1,1,167,4.82000844857136e-07,577575401366.765,577575401366.765,0.0,0.0,0.0,0.0,0.0,0.0,1.0,168,cantilever_s47
cantilever_gpu_medium_s47_q0.25,cantilever_gpu_medium,47,0.25,0.001,1e-12,4.5,64000,15778,0.24653125,floor_substituted_density_derivative,0.0268277999999995,7.819241299999994,1,1,51,9.364631736523044e-07,608.759874598038,577575401366.765,-0.999999998946008,0.6222818695277774,0.6222818694957992,31586289816154.414,0.9993747513754864,0.9993747513754864,0.7982566799704872,52,cantilever_s47
cantilever_gpu_medium_s47_q0.25,cantilever_gpu_medium,47,0.25,0.01,1e-12,4.5,64000,15778,0.24653125,floor_substituted_density_derivative,0.022957599999998,5.845907199999999,1,1,42,7.90277462819497e-07,74.24297322340333,577575401366.765,-0.9999999998714576,0.8159967267155497,0.8159967028213707,988708277330567.8,0.9992129844525258,0.9992129844525258,0.7048605106272388,43,cantilever_s47
cantilever_gpu_medium_s47_q0.3,cantilever_gpu_medium,47,0.3,1e-12,1e-12,4.5,64000,18973,0.296453125,floor_substituted_density_derivative,0.0220336000000003,11.2591089,1,1,58,6.562531661743876e-07,574764525539.4071,574764525539.4071,0.0,0.0,0.0,0.0,0.0,0.0,0.9999999999999998,59,cantilever_s47
cantilever_gpu_medium_s47_q0.3,cantilever_gpu_medium,47,0.3,0.001,1e-12,4.5,64000,18973,0.296453125,floor_substituted_density_derivative,0.0261205000000046,5.898190099999994,1,1,37,2.857251468133213e-07,590.8904430704254,574764525539.4071,-0.9999999989719434,0.6627768528384369,0.6627768527689827,31591798422965.13,1.0003445081316111,1.0003445081316111,0.7510909363277036,38,cantilever_s47
cantilever_gpu_medium_s47_q0.3,cantilever_gpu_medium,47,0.3,0.01,1e-12,4.5,64000,18973,0.296453125,floor_substituted_density_derivative,0.0259348000000017,4.5860105,1,1,35,5.790504364695522e-07,68.63350849462023,574764525539.4071,-0.9999999998805884,0.7673355965567218,0.7673355376633,989844871082290.8,1.0006305863162568,1.0006305863162568,0.7155572718910423,36,cantilever_s47
cantilever_gpu_medium_s53_q0.18,cantilever_gpu_medium,53,0.18,1e-12,1e-12,4.5,64000,11441,0.178765625,floor_substituted_density_derivative,16.0830116,53.6266373,1,1,284,9.898251659706004e-07,365.7509992639028,365.7509992639028,0.0,0.0,0.0,0.0,0.0,0.0,1.0000000000000002,285,cantilever_s53
cantilever_gpu_medium_s53_q0.18,cantilever_gpu_medium,53,0.18,0.001,1e-12,4.5,64000,11441,0.178765625,floor_substituted_density_derivative,0.0364651000000009,12.9966194,1,1,85,8.341485715984812e-07,115.67176962690898,365.7509992639028,-0.6837417536528791,0.8401117505972863,0.8401117505972862,2.3199460535139972e+26,0.7562311529047543,0.7562311529047543,0.76060961183268,86,cantilever_s53
cantilever_gpu_medium_s53_q0.18,cantilever_gpu_medium,53,0.18,0.01,1e-12,4.5,64000,11441,0.178765625,floor_substituted_density_derivative,0.0198818000000073,5.914792599999998,1,1,48,4.834013040029199e-07,32.340741835915274,365.7509992639028,-0.9115771606885475,0.9691991499858889,0.96919914998585,2.9770334804929287e+28,0.9726143206527788,0.9726143206527788,0.345468404882382,49,cantilever_s53
cantilever_gpu_medium_s53_q0.2,cantilever_gpu_medium,53,0.2,1e-12,1e-12,4.5,64000,12683,0.198171875,floor_substituted_density_derivative,0.0215559000000098,31.239047199999987,1,1,169,9.322468733857628e-07,140.15386748009976,140.15386748009976,0.0,0.0,0.0,0.0,0.0,0.0,1.0000000000000002,170,cantilever_s53
cantilever_gpu_medium_s53_q0.2,cantilever_gpu_medium,53,0.2,0.001,1e-12,4.5,64000,12683,0.198171875,floor_substituted_density_derivative,0.0229113999999981,10.46926049999999,1,1,71,8.008009953713992e-07,76.138479154748,140.15386748009976,-0.4567507802411604,0.674336806927018,0.674336806927018,2.5605021138403064e+25,0.6833409217507436,0.6833409217507436,0.8897966036863402,72,cantilever_s53
cantilever_gpu_medium_s53_q0.2,cantilever_gpu_medium,53,0.2,0.01,1e-12,4.5,64000,12683,0.198171875,floor_substituted_density_derivative,0.0208589000000074,5.336897399999998,1,1,45,7.907445293321605e-07,27.075228924591677,140.15386748009976,-0.8068178252131641,0.9066576645894968,0.9066576645893532,4.374357990081029e+27,0.958555735054127,0.958555735054127,0.5456316825448457,46,cantilever_s53
cantilever_gpu_medium_s53_q0.25,cantilever_gpu_medium,53,0.25,1e-12,1e-12,4.5,64000,15924,0.2488125,floor_substituted_density_derivative,0.0211638999999763,11.13662930000001,1,1,63,7.6066793779516e-07,39.31960020586615,39.31960020586615,0.0,0.0,0.0,0.0,0.0,0.0,0.9999999999999998,64,cantilever_s53
cantilever_gpu_medium_s53_q0.25,cantilever_gpu_medium,53,0.25,0.001,1e-12,4.5,64000,15924,0.2488125,floor_substituted_density_derivative,0.0203103999999996,6.957183000000015,1,1,46,6.546781828176241e-07,33.081786172970375,39.31960020586615,-0.1586438824463212,0.1801520875698577,0.1801520875698577,3.456372265296864e+24,0.1300181204604399,0.1300181204604399,0.9919297522725896,47,cantilever_s53
cantilever_gpu_medium_s53_q0.25,cantilever_gpu_medium,53,0.25,0.01,1e-12,4.5,64000,15924,0.2488125,floor_substituted_density_derivative,0.020326300000022,4.7973875000000135,1,1,40,4.5982303649322374e-07,18.386451356932604,39.31960020586615,-0.5323845801924125,0.5109697087000323,0.510969708699021,2.4531657076434076e+27,0.3794190146158567,0.3794190146158567,0.9193384046657316,41,cantilever_s53
cantilever_gpu_medium_s53_q0.3,cantilever_gpu_medium,53,0.3,1e-12,1e-12,4.5,64000,19087,0.298234375,floor_substituted_density_derivative,0.0247621999999978,6.701873599999999,1,1,39,3.451975392875749e-07,17.135174673119682,17.135174673119682,0.0,0.0,0.0,0.0,0.0,0.0,1.0,40,cantilever_s53
cantilever_gpu_medium_s53_q0.3,cantilever_gpu_medium,53,0.3,0.001,1e-12,4.5,64000,19087,0.298234375,floor_substituted_density_derivative,0.0236300999999912,5.001196499999992,1,1,34,5.37398002796776e-07,16.072361654441547,17.135174673119682,-0.0620252223250103,0.0730805330607657,0.0730805330607657,1.7144115304861276e+24,0.0619414079398511,0.0619414079398511,0.9986705459129396,35,cantilever_s53
cantilever_gpu_medium_s53_q0.3,cantilever_gpu_medium,53,0.3,0.01,1e-12,4.5,64000,19087,0.298234375,floor_substituted_density_derivative,0.020582499999989,4.080375599999996,1,1,34,2.388267879458246e-07,11.539440916142045,17.135174673119682,-0.3265641502771363,0.3398105503111894,0.3398105503102085,1.7526905000963502e+27,0.3060267667529656,0.3060267667529656,0.960687629510182,35,cantilever_s53
cantilever_gpu_medium_s53_q0.35,cantilever_gpu_medium,53,0.35,1e-12,1e-12,4.5,64000,22316,0.3486875,floor_substituted_density_derivative,0.0204432999999824,4.9936739000000046,1,1,29,4.158052895668988e-07,10.53115859462881,10.53115859462881,0.0,0.0,0.0,0.0,0.0,0.0,1.0000000000000002,30,cantilever_s53
cantilever_gpu_medium_s53_q0.35,cantilever_gpu_medium,53,0.35,0.001,1e-12,4.5,64000,22316,0.3486875,floor_substituted_density_derivative,0.0203592999999955,4.186051800000001,1,1,28,1.95540806230189e-07,10.211495019723376,10.53115859462881,-0.0303540747234089,0.0386929274036711,0.0386929274036711,2.493222230175507e+23,0.0297245292879177,0.0297245292879177,0.9995988254661522,29,cantilever_s53
cantilever_gpu_medium_s53_q0.35,cantilever_gpu_medium,53,0.35,0.01,1e-12,4.5,64000,22316,0.3486875,floor_substituted_density_derivative,0.0206186999999999,3.580639899999994,1,1,30,3.1729058943051405e-07,8.408985027234813,10.53115859462881,-0.2015137791654154,0.2207157020710543,0.2207157020702226,3.5325648423038774e+26,0.1689160743212696,0.1689160743212696,0.9842865907346928,31,cantilever_s53
cantilever_gpu_medium_s59_q0.35,cantilever_gpu_medium,59,0.35,1e-12,1e-12,4.5,64000,22357,0.349328125,floor_substituted_density_derivative,16.0364744,6.0581406000000015,1,1,31,1.2522084183927498e-07,12.621340456874842,12.621340456874842,0.0,0.0,0.0,0.0,0.0,0.0,1.0000000000000002,32,cantilever_s59
cantilever_gpu_medium_s59_q0.35,cantilever_gpu_medium,59,0.35,0.001,1e-12,4.5,64000,22357,0.349328125,floor_substituted_density_derivative,0.0275345999999991,5.0826724,1,1,32,4.6635210091433393e-07,12.159132434000425,12.621340456874842,-0.0366211516481716,0.0818914768481001,0.0818914768481001,2.0035636282940064e+25,0.0574969674671297,0.0574969674671297,0.99919332988185,33,cantilever_s59
cantilever_gpu_medium_s59_q0.35,cantilever_gpu_medium,59,0.35,0.01,1e-12,4.5,64000,22357,0.349328125,floor_substituted_density_derivative,0.0210538999999982,4.142802199999998,1,1,32,3.849204760610122e-07,9.760008743211868,12.621340456874842,-0.2267058497819387,0.3564451556764584,0.3564451556749436,2.09884502085158e+28,0.2696502310157873,0.2696502310157873,0.9783547690885792,33,cantilever_s59
cantilever_gpu_medium_s61_q0.18,cantilever_gpu_medium,61,0.18,1e-12,1e-12,4.5,64000,11461,0.179078125,floor_substituted_density_derivative,15.9947086,47.3839297,1,1,257,9.685264083847768e-07,574.7149732023946,574.7149732023946,0.0,0.0,0.0,0.0,0.0,0.0,1.0,258,cantilever_s61
cantilever_gpu_medium_s61_q0.18,cantilever_gpu_medium,61,0.18,0.001,1e-12,4.5,64000,11461,0.179078125,floor_substituted_density_derivative,0.0342588000000034,13.474633100000004,1,1,88,8.611375357909866e-07,134.2593908838015,574.7149732023946,-0.766389606772051,0.941550084024618,0.9415500840246184,3.779332002691747e+25,0.9391951942702476,0.9391951942702476,0.5092182171050251,89,cantilever_s61
cantilever_gpu_medium_s61_q0.18,cantilever_gpu_medium,61,0.18,0.01,1e-12,4.5,64000,11461,0.179078125,floor_substituted_density_derivative,0.0203106000000019,5.920276600000008,1,1,48,3.3662074609056255e-07,37.56679999474568,574.7149732023946,-0.934634032961734,0.9829453187525516,0.9829453187525232,9.731233958616996e+27,0.9776001013708644,0.9776001013708644,0.2732809151861722,49,cantilever_s61
cantilever_gpu_medium_s61_q0.2,cantilever_gpu_medium,61,0.2,1e-12,1e-12,4.5,64000,12673,0.198015625,floor_substituted_density_derivative,0.0229821000000072,28.0496581,1,1,155,8.667833612305011e-07,167.18518315816058,167.18518315816058,0.0,0.0,0.0,0.0,0.0,0.0,1.0000000000000002,156,cantilever_s61
cantilever_gpu_medium_s61_q0.2,cantilever_gpu_medium,61,0.2,0.001,1e-12,4.5,64000,12673,0.198015625,floor_substituted_density_derivative,0.0199838000000056,11.841745199999991,1,1,73,5.135892717128801e-07,89.18422012019482,167.18518315816058,-0.4665542816923869,0.4152430558725216,0.4152430558725215,7.477034640310479e+24,0.2110265028556762,0.2110265028556762,0.9338792578795206,74,cantilever_s61
cantilever_gpu_medium_s61_q0.2,cantilever_gpu_medium,61,0.2,0.01,1e-12,4.5,64000,12673,0.198015625,floor_substituted_density_derivative,0.0202388999999953,5.986519000000001,1,1,44,9.280092897970454e-07,32.37923227186254,167.18518315816058,-0.8063271417944308,0.6888862686755945,0.6888862686744708,3.913576904016276e+27,0.465548287172175,0.465548287172175,0.8331811329156524,45,cantilever_s61
cantilever_gpu_medium_s61_q0.25,cantilever_gpu_medium,61,0.25,1e-12,1e-12,4.5,64000,15851,0.247671875,floor_substituted_density_derivative,0.0225955999999882,10.130488100000008,1,1,55,6.655186730673934e-07,37.08160578811616,37.08160578811616,0.0,0.0,0.0,0.0,0.0,0.0,1.0,56,cantilever_s61
cantilever_gpu_medium_s61_q0.25,cantilever_gpu_medium,61,0.25,0.001,1e-12,4.5,64000,15851,0.247671875,floor_substituted_density_derivative,0.0217071999999802,7.593792699999994,1,1,47,6.6561668612664e-07,31.465291521029187,37.08160578811616,-0.1514582270028576,0.1410717827609663,0.1410717827609663,3.785981131231211e+23,0.0364464126578269,0.0364464126578269,0.992958535281348,48,cantilever_s61
cantilever_gpu_medium_s61_q0.25,cantilever_gpu_medium,61,0.25,0.01,1e-12,4.5,64000,15851,0.247671875,floor_substituted_density_derivative,0.0206148000000041,4.924096999999989,1,1,39,7.756317568167252e-07,17.621141964944908,37.08160578811616,-0.5248010006461993,0.4039419056075295,0.4039419056068777,2.26408119051516e+26,0.2206572418630405,0.2206572418630405,0.9428616883152248,40,cantilever_s61
cantilever_gpu_medium_s61_q0.3,cantilever_gpu_medium,61,0.3,1e-12,1e-12,4.5,64000,19071,0.297984375,floor_substituted_density_derivative,0.0244806000000039,7.099528300000003,1,1,38,5.022279826283805e-07,17.850168772396735,17.850168772396735,0.0,0.0,0.0,0.0,0.0,0.0,1.0,39,cantilever_s61
cantilever_gpu_medium_s61_q0.3,cantilever_gpu_medium,61,0.3,0.001,1e-12,4.5,64000,19071,0.297984375,floor_substituted_density_derivative,0.0244530999999881,5.403437999999994,1,1,36,3.098769179024652e-07,16.827937530450363,17.850168772396735,-0.0572673152271331,0.0380587061913823,0.0380587061913823,3.647896012164452e+23,0.0269901572014088,0.0269901572014088,0.9996902699133972,37,cantilever_s61
cantilever_gpu_medium_s61_q0.3,cantilever_gpu_medium,61,0.3,0.01,1e-12,4.5,64000,19071,0.297984375,floor_substituted_density_derivative,0.0209729999999979,4.046967799999976,1,1,33,9.645111849126985e-07,12.316079871254214,17.850168772396735,-0.3100300603151922,0.2148438369487226,0.2148438369477561,5.352568169862363e+26,0.1828811814015716,0.1828811814015716,0.990928427107136,34,cantilever_s61
cantilever_gpu_medium_s61_q0.35,cantilever_gpu_medium,61,0.35,1e-12,1e-12,4.5,64000,22308,0.3485625,floor_substituted_density_derivative,0.0220045000000084,4.8844674000000055,1,1,28,2.6997591025372906e-07,10.448346431642126,10.448346431642126,0.0,0.0,0.0,0.0,0.0,0.0,1.0,29,cantilever_s61
cantilever_gpu_medium_s61_q0.35,cantilever_gpu_medium,61,0.35,0.001,1e-12,4.5,64000,22308,0.3485625,floor_substituted_density_derivative,0.0242712000000153,3.997877700000004,1,1,27,5.514232256066355e-07,10.192284491781464,10.448346431642126,-0.0245074128749401,0.0109305076131347,0.0109305076131347,3.974085955784787e+23,0.0085977050231622,0.0085977050231622,0.9999820699076756,28,cantilever_s61
cantilever_gpu_medium_s61_q0.35,cantilever_gpu_medium,61,0.35,0.01,1e-12,4.5,64000,22308,0.3485625,floor_substituted_density_derivative,0.020308099999994,3.398792899999989,1,1,28,8.998584071509701e-07,8.656087253857043,10.448346431642126,-0.1715351983695088,0.0848629838422727,0.084862983841548,9.153903897977442e+26,0.0762086175858541,0.0762086175858541,0.9992967055544406,29,cantilever_s61
cantilever_gpu_medium_s67_q0.2,cantilever_gpu_medium,67,0.2,1e-12,1e-12,4.5,64000,12914,0.20178125,floor_substituted_density_derivative,16.1535799,34.20519590000001,1,1,182,8.136708012473915e-07,129.19334250009828,129.19334250009828,0.0,0.0,0.0,0.0,0.0,0.0,1.0,183,cantilever_s67
cantilever_gpu_medium_s67_q0.2,cantilever_gpu_medium,67,0.2,0.001,1e-12,4.5,64000,12914,0.20178125,floor_substituted_density_derivative,0.0258888999999982,11.084915700000003,1,1,73,8.485254680228222e-07,74.72211958155678,129.19334250009828,-0.421625618351813,0.4109331453807524,0.4109331453807525,9.817035525172636e+24,0.09864871009614,0.09864871009614,0.9289001682757576,74,cantilever_s67
cantilever_gpu_medium_s67_q0.2,cantilever_gpu_medium,67,0.2,0.01,1e-12,4.5,64000,12914,0.20178125,floor_substituted_density_derivative,0.0204193999999944,5.678192500000009,1,1,47,5.15415553954287e-07,28.437866278284822,129.19334250009828,-0.7798813334498007,0.646209125904109,0.6462091259036322,3.742528715657731e+27,0.2788316866305452,0.2788316866305452,0.8058825806015975,48,cantilever_s67
cantilever_gpu_medium_s67_q0.25,cantilever_gpu_medium,67,0.25,1e-12,1e-12,4.5,64000,16102,0.25159375,floor_substituted_density_derivative,0.0222349000000008,12.271061799999998,1,1,70,6.271053132255127e-07,35.81917374230774,35.81917374230774,0.0,0.0,0.0,0.0,0.0,0.0,1.0,71,cantilever_s67
cantilever_gpu_medium_s67_q0.25,cantilever_gpu_medium,67,0.25,0.001,1e-12,4.5,64000,16102,0.25159375,floor_substituted_density_derivative,0.0235398999999887,7.224474099999995,1,1,47,4.846691869795995e-07,31.425450581616552,35.81917374230774,-0.1226640009147266,0.0568053900537557,0.0568053900537557,1.620285803823363e+24,0.019598232976004,0.019598232976004,0.9989778438696052,48,cantilever_s67
cantilever_gpu_medium_s67_q0.25,cantilever_gpu_medium,67,0.25,0.01,1e-12,4.5,64000,16102,0.25159375,floor_substituted_density_derivative,0.0219361000000049,5.171036299999997,1,1,40,3.408841377963201e-07,19.216064473058054,35.81917374230774,-0.4635257470955829,0.243733116641151,0.2437331166402125,1.9881350879349508e+27,0.1563074712488058,0.1563074712488058,0.987141608253432,41,cantilever_s67
cantilever_gpu_medium_s67_q0.3,cantilever_gpu_medium,67,0.3,1e-12,1e-12,4.5,64000,19224,0.300375,floor_substituted_density_derivative,0.0220854000000088,7.138954400000003,1,1,40,4.936818679593546e-07,19.65879167443009,19.65879167443009,0.0,0.0,0.0,0.0,0.0,0.0,1.0,41,cantilever_s67
cantilever_gpu_medium_s67_q0.3,cantilever_gpu_medium,67,0.3,0.001,1e-12,4.5,64000,19224,0.300375,floor_substituted_density_derivative,0.0202926000000047,5.363330899999994,1,1,35,6.275194937473633e-07,18.6719474229124,19.65879167443009,-0.0501986219631834,0.0222331855091878,0.0222331855091878,6.650466167815054e+23,0.017949823598256,0.017949823598256,0.9999528120892454,36,cantilever_s67
cantilever_gpu_medium_s67_q0.3,cantilever_gpu_medium,67,0.3,0.01,1e-12,4.5,64000,19224,0.300375,floor_substituted_density_derivative,0.0259590000000002,4.263497200000003,1,1,34,6.864969557782799e-07,14.13543037348021,19.65879167443009,-0.2809613832031212,0.1672898568046583,0.1672898568037979,1.4066039670146812e+27,0.1512370544988625,0.1512370544988625,0.9986437896299082,35,cantilever_s67
cantilever_gpu_medium_s67_q0.35,cantilever_gpu_medium,67,0.35,1e-12,1e-12,4.5,64000,22386,0.34978125,floor_substituted_density_derivative,0.0206694000000027,5.154348800000008,1,1,29,8.077873730492004e-07,13.309139848333231,13.309139848333231,0.0,0.0,0.0,0.0,0.0,0.0,1.0,30,cantilever_s67
cantilever_gpu_medium_s67_q0.35,cantilever_gpu_medium,67,0.35,0.001,1e-12,4.5,64000,22386,0.34978125,floor_substituted_density_derivative,0.0217861999999939,4.164104399999999,1,1,27,9.884096220131706e-07,12.995351522484318,13.309139848333231,-0.0235769050009802,0.0189501762300929,0.0189501762300929,5.574431329334408e+23,0.0180994461392393,0.0180994461392393,0.9999946743631378,28,cantilever_s67
cantilever_gpu_medium_s67_q0.35,cantilever_gpu_medium,67,0.35,0.01,1e-12,4.5,64000,22386,0.34978125,floor_substituted_density_derivative,0.0223165999999963,3.719845500000005,1,1,30,2.430928243150423e-07,11.051411349479176,13.309139848333231,-0.1696374464903381,0.1582557921153219,0.1582557921144892,1.3618984559758545e+27,0.1530964879610199,0.1530964879610199,0.9997013572893302,31,cantilever_s67
