run_id,preset,rho_min,iteration,max_iter,compliance,grayness,used_surrogate,uncertainty,beta,change,penal,rmin,move,emin,cg_iters,vram_used_gb
cantilever_gpu_medium_rho1e-12,cantilever_gpu_medium,1e-12,1,40,465.67709703573485,0.8175761953973183,False,0.0,1.0,0.2,1.5,1.5,0.2,1e-12,17,3.07763671875
cantilever_gpu_medium_rho1e-12,cantilever_gpu_medium,1e-12,2,40,6.058660173183103,0.7715550491852895,False,0.0,1.0,0.2,1.5,1.5,0.2,1e-12,15,3.34716796875
cantilever_gpu_medium_rho1e-12,cantilever_gpu_medium,1e-12,3,40,4.62718483047528,0.7199821835468905,False,0.0,1.0,0.2,1.5,1.5,0.2,1e-12,12,3.34716796875
cantilever_gpu_medium_rho1e-12,cantilever_gpu_medium,1e-12,4,40,3.964382178091334,0.6574540258618131,False,0.0,1.0,0.20000000000000007,1.5,1.5,0.2,1e-12,14,3.34716796875
cantilever_gpu_medium_rho1e-12,cantilever_gpu_medium,1e-12,5,40,3.715323590614871,0.6159781640624767,False,0.0,1.0,0.20000000000000007,1.5,1.5,0.2,1e-12,16,3.34716796875
cantilever_gpu_medium_rho1e-12,cantilever_gpu_medium,1e-12,6,40,3.655359041838469,0.5973412538846451,False,0.0,1.0,0.2,1.5,1.5,0.2,1e-12,16,3.34716796875
cantilever_gpu_medium_rho1e-12,cantilever_gpu_medium,1e-12,7,40,3.6124151185876046,0.5806527919516926,False,0.0,1.0,0.13711501434377904,1.5,1.5,0.2,1e-12,14,3.34716796875
cantilever_gpu_medium_rho1e-12,cantilever_gpu_medium,1e-12,8,40,3.576356526525626,0.5644565413077746,False,0.0,1.0,0.15095527302030898,1.5,1.5,0.2,1e-12,13,3.34716796875
cantilever_gpu_medium_rho1e-12,cantilever_gpu_medium,1e-12,9,40,3.5439874216011513,0.5485837017933538,False,0.0,1.0,0.13569723018707003,1.5,1.5,0.2,1e-12,15,3.34716796875
cantilever_gpu_medium_rho1e-12,cantilever_gpu_medium,1e-12,10,40,3.5144499776834706,0.5332450508561948,False,0.0,1.0,0.12799245257125236,1.5,1.5,0.2,1e-12,15,3.34716796875
cantilever_gpu_medium_rho1e-12,cantilever_gpu_medium,1e-12,11,40,3.4873590605716074,0.5186375206043633,False,0.0,1.0,0.14201078069114548,1.5,1.5,0.2,1e-12,15,3.34716796875
cantilever_gpu_medium_rho1e-12,cantilever_gpu_medium,1e-12,12,40,3.4626114173528726,0.5051826956157319,False,0.0,1.0,0.11454838134941192,1.5,1.5,0.2,1e-12,15,3.34716796875
cantilever_gpu_medium_rho1e-12,cantilever_gpu_medium,1e-12,13,40,3.439800869863511,0.4929225084180434,False,0.0,1.0,0.1271891466764734,1.5,1.5,0.2,1e-12,15,3.34716796875
cantilever_gpu_medium_rho1e-12,cantilever_gpu_medium,1e-12,14,40,3.418677525659342,0.4818700023127323,False,0.0,1.0,0.1228926508169812,1.5,1.5,0.2,1e-12,16,3.34716796875
cantilever_gpu_medium_rho1e-12,cantilever_gpu_medium,1e-12,15,40,3.399078926755577,0.4718643064099328,False,0.0,1.0,0.11350845471857918,1.5,1.5,0.2,1e-12,16,3.34716796875
cantilever_gpu_medium_rho1e-12,cantilever_gpu_medium,1e-12,16,40,3.3802923381786827,0.46229305808068755,False,0.0,4.0,0.11063589529425655,3.5,1.4,0.15,1e-12,16,3.34716796875
cantilever_gpu_medium_rho1e-12,cantilever_gpu_medium,1e-12,17,40,31.98117335205245,0.27269170251714664,False,0.0,4.0,0.15000000000000002,3.5,1.35,0.15,1e-12,178,3.34716796875
cantilever_gpu_medium_rho1e-12,cantilever_gpu_medium,1e-12,18,40,6.710811091805141,0.3688127377451301,False,0.0,4.0,0.15000000000000002,3.5,1.35,0.15,1e-12,161,3.34716796875
cantilever_gpu_medium_rho1e-12,cantilever_gpu_medium,1e-12,19,40,0.6214643080287203,0.3155517059472678,False,0.0,4.0,0.15000000000000002,3.5,1.35,0.15,1e-12,300,3.52685546875
cantilever_gpu_medium_rho1e-12,cantilever_gpu_medium,1e-12,20,40,4.502384051060922,0.2380935836701615,False,0.0,4.0,0.15000000000000002,3.5,1.35,0.15,1e-12,300,3.52685546875
cantilever_gpu_medium_rho1e-12,cantilever_gpu_medium,1e-12,21,40,3.2872027267021737,0.15045714292260876,False,0.0,4.0,0.15000000000000002,3.5,1.35,0.15,1e-12,300,3.53857421875
cantilever_gpu_medium_rho1e-12,cantilever_gpu_medium,1e-12,22,40,3.2794452811208137,0.1394247911067768,False,0.0,4.0,0.15000000000000002,3.5,1.35,0.15,1e-12,300,3.53857421875
cantilever_gpu_medium_rho1e-12,cantilever_gpu_medium,1e-12,23,40,2.883798384836788,0.08213976341417031,False,0.0,4.0,0.15000000000000002,3.5,1.35,0.15,1e-12,300,3.53857421875
cantilever_gpu_medium_rho1e-12,cantilever_gpu_medium,1e-12,24,40,2.6757314237617034,0.09046315935517865,False,0.0,4.0,0.15000000000000002,3.5,1.35,0.15,1e-12,300,3.53857421875
cantilever_gpu_medium_rho1e-12,cantilever_gpu_medium,1e-12,25,40,2.683814983193245,0.0851186534418459,False,0.0,4.0,0.15000000000000002,3.5,1.35,0.15,1e-12,300,3.53857421875
cantilever_gpu_medium_rho1e-12,cantilever_gpu_medium,1e-12,26,40,0.9724938125221574,0.0737744461600955,False,0.0,4.0,0.15000000000000002,3.5,1.35,0.15,1e-12,300,3.53857421875
cantilever_gpu_medium_rho1e-12,cantilever_gpu_medium,1e-12,27,40,1.7569853567669402,0.07176678181900312,False,0.0,4.0,0.15000000000000002,3.5,1.35,0.15,1e-12,300,3.53857421875
cantilever_gpu_medium_rho1e-12,cantilever_gpu_medium,1e-12,28,40,0.48377574597957507,0.0594547151592196,False,0.0,4.0,0.15000000000000002,3.5,1.35,0.15,1e-12,300,3.53857421875
cantilever_gpu_medium_rho1e-12,cantilever_gpu_medium,1e-12,29,40,1.218587737692463,0.06482012533439459,False,0.0,4.0,0.15000000000000002,3.5,1.35,0.15,1e-12,300,3.53857421875
cantilever_gpu_medium_rho1e-12,cantilever_gpu_medium,1e-12,30,40,0.5910953148199454,0.052791145246045564,False,0.0,4.0,0.15000000000000002,3.5,1.35,0.15,1e-12,300,3.53857421875
cantilever_gpu_medium_rho1e-12,cantilever_gpu_medium,1e-12,31,40,0.6075980792452071,0.052791145246045564,False,0.0,4.0,0.15000000000000002,3.5,1.35,0.15,1e-12,300,3.53857421875
cantilever_gpu_medium_rho1e-12,cantilever_gpu_medium,1e-12,32,40,0.6203941706413758,0.052791145246045564,False,0.0,4.0,0.15000000000000002,3.5,1.35,0.15,1e-12,300,3.53857421875
cantilever_gpu_medium_rho1e-12,cantilever_gpu_medium,1e-12,33,40,0.6195416020619007,0.052791145246045564,False,0.0,4.0,0.15000000000000002,3.5,1.35,0.15,1e-12,300,3.53857421875
cantilever_gpu_medium_rho1e-12,cantilever_gpu_medium,1e-12,34,40,0.5980224327226087,0.052791145246045564,False,0.0,4.0,0.15000000000000002,3.5,1.35,0.15,1e-12,300,3.53857421875
cantilever_gpu_medium_rho1e-12,cantilever_gpu_medium,1e-12,35,40,0.7095427112017205,0.052791145246045564,False,0.0,4.0,0.15000000000000002,3.5,1.35,0.15,1e-12,300,3.53857421875
cantilever_gpu_medium_rho1e-12,cantilever_gpu_medium,1e-12,36,40,0.6867002495112047,0.052791145246045564,False,0.0,4.0,0.15000000000000002,3.5,1.35,0.15,1e-12,300,3.53857421875
cantilever_gpu_medium_rho1e-12,cantilever_gpu_medium,1e-12,37,40,0.6594861115933526,0.052791145246045564,False,0.0,4.0,0.15000000000000002,3.5,1.35,0.15,1e-12,300,3.53857421875
cantilever_gpu_medium_rho1e-12,cantilever_gpu_medium,1e-12,38,40,0.5518335640400096,0.052791145246045564,False,0.0,4.0,0.15000000000000002,3.5,1.35,0.15,1e-12,300,3.53857421875
cantilever_gpu_medium_rho1e-12,cantilever_gpu_medium,1e-12,39,40,0.7280756094392018,0.052791145246045564,False,0.0,4.0,0.15000000000000002,3.5,1.35,0.15,1e-12,300,3.53857421875
cantilever_gpu_medium_rho1e-12,cantilever_gpu_medium,1e-12,40,40,0.5641855878370166,0.052791145246045564,False,0.0,4.0,0.15000000000000002,3.5,1.35,0.15,1e-12,300,3.53857421875
cantilever_gpu_medium_rho1e-03,cantilever_gpu_medium,0.001,1,40,364.7977441116983,0.8175761953973183,False,0.0,1.0,0.2,1.5,1.5,0.2,0.001,17,4.21240234375
cantilever_gpu_medium_rho1e-03,cantilever_gpu_medium,0.001,2,40,6.035575847359481,0.7715550468808609,False,0.0,1.0,0.2,1.5,1.5,0.2,0.001,15,4.48193359375
cantilever_gpu_medium_rho1e-03,cantilever_gpu_medium,0.001,3,40,4.611527290080284,0.7190143467980455,False,0.0,1.0,0.2,1.5,1.5,0.2,0.001,13,4.48193359375
cantilever_gpu_medium_rho1e-03,cantilever_gpu_medium,0.001,4,40,3.9499306166897785,0.6563251703038536,False,0.0,1.0,0.20000000000000007,1.5,1.5,0.2,0.001,15,4.48193359375
cantilever_gpu_medium_rho1e-03,cantilever_gpu_medium,0.001,5,40,3.701040078662563,0.6143832432327729,False,0.0,1.0,0.20000000000000007,1.5,1.5,0.2,0.001,18,4.48193359375
cantilever_gpu_medium_rho1e-03,cantilever_gpu_medium,0.001,6,40,3.6415133105036044,0.5957242066800498,False,0.0,1.0,0.2,1.5,1.5,0.2,0.001,17,4.48193359375
cantilever_gpu_medium_rho1e-03,cantilever_gpu_medium,0.001,7,40,3.5989535508453794,0.5789994202068002,False,0.0,1.0,0.1375335175954997,1.5,1.5,0.2,0.001,16,4.48193359375
cantilever_gpu_medium_rho1e-03,cantilever_gpu_medium,0.001,8,40,3.5631549867668184,0.562743146931657,False,0.0,1.0,0.15260879515887948,1.5,1.5,0.2,0.001,14,4.48193359375
cantilever_gpu_medium_rho1e-03,cantilever_gpu_medium,0.001,9,40,3.530976228049349,0.5468159994860737,False,0.0,1.0,0.13611619440525857,1.5,1.5,0.2,0.001,15,4.48193359375
cantilever_gpu_medium_rho1e-03,cantilever_gpu_medium,0.001,10,40,3.5015928187174667,0.5314018853055467,False,0.0,1.0,0.12773328946925433,1.5,1.5,0.2,0.001,15,4.48193359375
cantilever_gpu_medium_rho1e-03,cantilever_gpu_medium,0.001,11,40,3.4746538353902063,0.5167513259903882,False,0.0,1.0,0.14344272231536637,1.5,1.5,0.2,0.001,15,4.48193359375
cantilever_gpu_medium_rho1e-03,cantilever_gpu_medium,0.001,12,40,3.4501041957020058,0.503289419211683,False,0.0,1.0,0.11613908223879732,1.5,1.5,0.2,0.001,15,4.48193359375
cantilever_gpu_medium_rho1e-03,cantilever_gpu_medium,0.001,13,40,3.427545890668816,0.4910912570179748,False,0.0,1.0,0.12777481688556835,1.5,1.5,0.2,0.001,15,4.48193359375
cantilever_gpu_medium_rho1e-03,cantilever_gpu_medium,0.001,14,40,3.4067504559122517,0.4801160028096017,False,0.0,1.0,0.12208085467790297,1.5,1.5,0.2,0.001,16,4.48193359375
cantilever_gpu_medium_rho1e-03,cantilever_gpu_medium,0.001,15,40,3.3875618294585697,0.47025440832460413,False,0.0,1.0,0.11489264753825801,1.5,1.5,0.2,0.001,16,4.48193359375
cantilever_gpu_medium_rho1e-03,cantilever_gpu_medium,0.001,16,40,3.3692376722728943,0.46082155727755436,False,0.0,4.0,0.10803479295091789,3.5,1.4,0.15,0.001,16,4.48193359375
cantilever_gpu_medium_rho1e-03,cantilever_gpu_medium,0.001,17,40,21.475818904574076,0.2716525211201351,False,0.0,4.0,0.15000000000000002,3.5,1.35,0.15,0.001,34,4.48193359375
cantilever_gpu_medium_rho1e-03,cantilever_gpu_medium,0.001,18,40,6.1009600943972755,0.35792570037191357,False,0.0,4.0,0.15000000000000002,3.5,1.35,0.15,0.001,32,4.48193359375
cantilever_gpu_medium_rho1e-03,cantilever_gpu_medium,0.001,19,40,4.2924931393114,0.2973155897253676,False,0.0,4.0,0.15000000000000002,3.5,1.35,0.15,0.001,33,4.48193359375
cantilever_gpu_medium_rho1e-03,cantilever_gpu_medium,0.001,20,40,3.5560653265188957,0.1908271799356247,False,0.0,4.0,0.15000000000000002,3.5,1.35,0.15,0.001,31,4.48193359375
cantilever_gpu_medium_rho1e-03,cantilever_gpu_medium,0.001,21,40,3.2215123218903576,0.11408197844311073,False,0.0,4.0,0.15000000000000002,3.5,1.35,0.15,0.001,32,4.48193359375
cantilever_gpu_medium_rho1e-03,cantilever_gpu_medium,0.001,22,40,3.0986774876301406,0.07464630059511058,False,0.0,4.0,0.15000000000000002,3.5,1.35,0.15,0.001,32,4.48193359375
cantilever_gpu_medium_rho1e-03,cantilever_gpu_medium,0.001,23,40,3.0491098421835185,0.05766443935199118,False,0.0,4.0,0.15000000000000002,3.5,1.35,0.15,0.001,30,4.48193359375
cantilever_gpu_medium_rho1e-03,cantilever_gpu_medium,0.001,24,40,3.0248389622634124,0.050066986132089195,False,0.0,4.0,0.15000000000000002,3.5,1.35,0.15,0.001,32,4.48193359375
cantilever_gpu_medium_rho1e-03,cantilever_gpu_medium,0.001,25,40,3.0096128428580884,0.045447590058588505,False,0.0,4.0,0.15000000000000002,3.5,1.35,0.15,0.001,32,4.48193359375
cantilever_gpu_medium_rho1e-03,cantilever_gpu_medium,0.001,26,40,2.9989617196172333,0.04253531460799071,False,0.0,4.0,0.15000000000000002,3.5,1.35,0.15,0.001,31,4.48193359375
cantilever_gpu_medium_rho1e-03,cantilever_gpu_medium,0.001,27,40,2.9909062209042174,0.04068154709276389,False,0.0,4.0,0.15000000000000002,3.5,1.35,0.15,0.001,28,4.48193359375
cantilever_gpu_medium_rho1e-03,cantilever_gpu_medium,0.001,28,40,2.9844831380593737,0.03937464551571276,False,0.0,4.0,0.15000000000000002,3.5,1.35,0.15,0.001,27,4.48193359375
cantilever_gpu_medium_rho1e-03,cantilever_gpu_medium,0.001,29,40,2.979546935590553,0.03840939479197447,False,0.0,4.0,0.15000000000000002,3.5,1.35,0.15,0.001,27,4.48193359375
cantilever_gpu_medium_rho1e-03,cantilever_gpu_medium,0.001,30,40,2.9759180918679027,0.03771049163180868,False,0.0,4.0,0.15000000000000002,3.5,1.35,0.15,0.001,26,4.48193359375
cantilever_gpu_medium_rho1e-03,cantilever_gpu_medium,0.001,31,40,2.9732473275959648,0.03721259805235605,False,0.0,4.0,0.15000000000000002,3.5,1.35,0.15,0.001,25,4.48193359375
cantilever_gpu_medium_rho1e-03,cantilever_gpu_medium,0.001,32,40,2.9711536400637883,0.03681663878191306,False,0.0,4.0,0.15000000000000002,3.5,1.35,0.15,0.001,24,4.48193359375
cantilever_gpu_medium_rho1e-03,cantilever_gpu_medium,0.001,33,40,2.9695895055559234,0.03652361154684095,False,0.0,4.0,0.15000000000000002,3.5,1.35,0.15,0.001,24,4.48193359375
cantilever_gpu_medium_rho1e-03,cantilever_gpu_medium,0.001,34,40,2.9680839507681944,0.03626698611286017,False,0.0,4.0,0.15000000000000002,3.5,1.35,0.15,0.001,24,4.48193359375
cantilever_gpu_medium_rho1e-03,cantilever_gpu_medium,0.001,35,40,2.966601410716659,0.03603616797759485,False,0.0,4.0,0.15000000000000002,3.5,1.35,0.15,0.001,24,4.48193359375
cantilever_gpu_medium_rho1e-03,cantilever_gpu_medium,0.001,36,40,2.9651619913402856,0.035818318282210104,False,0.0,4.0,0.15000000000000002,3.5,1.35,0.15,0.001,25,4.48193359375
cantilever_gpu_medium_rho1e-03,cantilever_gpu_medium,0.001,37,40,2.964019026148767,0.03562738342109586,False,0.0,4.0,0.15000000000000002,3.5,1.35,0.15,0.001,25,4.48193359375
cantilever_gpu_medium_rho1e-03,cantilever_gpu_medium,0.001,38,40,2.9631298476754453,0.03548816573473402,False,0.0,4.0,0.15000000000000002,3.5,1.35,0.15,0.001,24,4.48193359375
cantilever_gpu_medium_rho1e-03,cantilever_gpu_medium,0.001,39,40,2.9624388773031733,0.03538824454464152,False,0.0,4.0,0.15000000000000002,3.5,1.35,0.15,0.001,24,4.48193359375
cantilever_gpu_medium_rho1e-03,cantilever_gpu_medium,0.001,40,40,2.961823252276208,0.035302864392534,False,0.0,4.0,0.15000000000000002,3.5,1.35,0.15,0.001,24,4.48193359375
cantilever_gpu_medium_rho1e-02,cantilever_gpu_medium,0.01,1,40,123.67431103160358,0.8175761953973183,False,0.0,1.0,0.2,1.5,1.5,0.2,0.01,17,4.48193359375
cantilever_gpu_medium_rho1e-02,cantilever_gpu_medium,0.01,2,40,5.841312815820747,0.7715550525797583,False,0.0,1.0,0.2,1.5,1.5,0.2,0.01,16,4.48193359375
cantilever_gpu_medium_rho1e-02,cantilever_gpu_medium,0.01,3,40,4.478580556064034,0.7107772971451446,False,0.0,1.0,0.2,1.5,1.5,0.2,0.01,16,4.48193359375
cantilever_gpu_medium_rho1e-02,cantilever_gpu_medium,0.01,4,40,3.828577646508789,0.6460168369918847,False,0.0,1.0,0.20000000000000007,1.5,1.5,0.2,0.01,17,4.48193359375
cantilever_gpu_medium_rho1e-02,cantilever_gpu_medium,0.01,5,40,3.5818842882142548,0.6008880624011226,False,0.0,1.0,0.20000000000000007,1.5,1.5,0.2,0.01,23,4.48193359375
cantilever_gpu_medium_rho1e-02,cantilever_gpu_medium,0.01,6,40,3.5256634336954757,0.5820575075072961,False,0.0,1.0,0.18961369649428755,1.5,1.5,0.2,0.01,27,4.48193359375
cantilever_gpu_medium_rho1e-02,cantilever_gpu_medium,0.01,7,40,3.4861307868308575,0.5650013117511945,False,0.0,1.0,0.1493779835951453,1.5,1.5,0.2,0.01,22,4.48193359375
cantilever_gpu_medium_rho1e-02,cantilever_gpu_medium,0.01,8,40,3.4527838390753303,0.5484181927733305,False,0.0,1.0,0.1693475162712894,1.5,1.5,0.2,0.01,23,4.48193359375
cantilever_gpu_medium_rho1e-02,cantilever_gpu_medium,0.01,9,40,3.4228911209785635,0.532195288164039,False,0.0,1.0,0.13983508005554135,1.5,1.5,0.2,0.01,20,4.48193359375
cantilever_gpu_medium_rho1e-02,cantilever_gpu_medium,0.01,10,40,3.3958732541457257,0.516510892441667,False,0.0,1.0,0.12955837269641202,1.5,1.5,0.2,0.01,22,4.48193359375
cantilever_gpu_medium_rho1e-02,cantilever_gpu_medium,0.01,11,40,3.3716352820259345,0.5019206290395825,False,0.0,1.0,0.15116438544855693,1.5,1.5,0.2,0.01,20,4.48193359375
cantilever_gpu_medium_rho1e-02,cantilever_gpu_medium,0.01,12,40,3.350010407242538,0.48886602902626425,False,0.0,1.0,0.12762318723710409,1.5,1.5,0.2,0.01,19,4.48193359375
cantilever_gpu_medium_rho1e-02,cantilever_gpu_medium,0.01,13,40,3.3304670263982996,0.47716368218392746,False,0.0,1.0,0.1221901623136763,1.5,1.5,0.2,0.01,19,4.48193359375
cantilever_gpu_medium_rho1e-02,cantilever_gpu_medium,0.01,14,40,3.312780104600504,0.466874779429539,False,0.0,1.0,0.1239862457312807,1.5,1.5,0.2,0.01,19,4.48193359375
cantilever_gpu_medium_rho1e-02,cantilever_gpu_medium,0.01,15,40,3.2965982008681194,0.45772555013515603,False,0.0,1.0,0.11648640474982475,1.5,1.5,0.2,0.01,20,4.48193359375
cantilever_gpu_medium_rho1e-02,cantilever_gpu_medium,0.01,16,40,3.2811310851854216,0.4489235046409657,False,0.0,4.0,0.1152246399560205,3.5,1.4,0.15,0.01,19,4.48193359375
cantilever_gpu_medium_rho1e-02,cantilever_gpu_medium,0.01,17,40,8.357574242710188,0.26174848170708304,False,0.0,4.0,0.15000000000000002,3.5,1.35,0.15,0.01,24,4.48193359375
cantilever_gpu_medium_rho1e-02,cantilever_gpu_medium,0.01,18,40,5.205330715286768,0.31331117304226047,False,0.0,4.0,0.15000000000000002,3.5,1.35,0.15,0.01,24,4.48193359375
cantilever_gpu_medium_rho1e-02,cantilever_gpu_medium,0.01,19,40,4.0605185805890365,0.25375117800924113,False,0.0,4.0,0.15000000000000002,3.5,1.35,0.15,0.01,25,4.48193359375
cantilever_gpu_medium_rho1e-02,cantilever_gpu_medium,0.01,20,40,3.4986371636631968,0.16150350013222117,False,0.0,4.0,0.15000000000000002,3.5,1.35,0.15,0.01,27,4.48193359375
cantilever_gpu_medium_rho1e-02,cantilever_gpu_medium,0.01,21,40,3.2495797408836395,0.09914249967159532,False,0.0,4.0,0.15000000000000002,3.5,1.35,0.15,0.01,27,4.48193359375
cantilever_gpu_medium_rho1e-02,cantilever_gpu_medium,0.01,22,40,3.139900691674365,0.06948160396603854,False,0.0,4.0,0.15000000000000002,3.5,1.35,0.15,0.01,30,4.48193359375
cantilever_gpu_medium_rho1e-02,cantilever_gpu_medium,0.01,23,40,3.0897553910343296,0.05770648580200121,False,0.0,4.0,0.15000000000000002,3.5,1.35,0.15,0.01,36,4.48193359375
cantilever_gpu_medium_rho1e-02,cantilever_gpu_medium,0.01,24,40,3.0609346798696904,0.05212784703413013,False,0.0,4.0,0.15000000000000002,3.5,1.35,0.15,0.01,34,4.48193359375
cantilever_gpu_medium_rho1e-02,cantilever_gpu_medium,0.01,25,40,3.0416553380602354,0.0483989801609505,False,0.0,4.0,0.15000000000000002,3.5,1.35,0.15,0.01,39,4.48193359375
cantilever_gpu_medium_rho1e-02,cantilever_gpu_medium,0.01,26,40,3.028648412487364,0.04591687351519776,False,0.0,4.0,0.15000000000000002,3.5,1.35,0.15,0.01,34,4.48193359375
cantilever_gpu_medium_rho1e-02,cantilever_gpu_medium,0.01,27,40,3.0192516566051832,0.044379570259189594,False,0.0,4.0,0.15000000000000002,3.5,1.35,0.15,0.01,32,4.48193359375
cantilever_gpu_medium_rho1e-02,cantilever_gpu_medium,0.01,28,40,3.012108713496414,0.04330732869706705,False,0.0,4.0,0.15000000000000002,3.5,1.35,0.15,0.01,40,4.48193359375
cantilever_gpu_medium_rho1e-02,cantilever_gpu_medium,0.01,29,40,3.006390449810713,0.042477025124024896,False,0.0,4.0,0.15000000000000002,3.5,1.35,0.15,0.01,30,4.48193359375
cantilever_gpu_medium_rho1e-02,cantilever_gpu_medium,0.01,30,40,3.0017596005052924,0.04175368401814109,False,0.0,4.0,0.15000000000000002,3.5,1.35,0.15,0.01,31,4.48193359375
cantilever_gpu_medium_rho1e-02,cantilever_gpu_medium,0.01,31,40,2.9982174518306093,0.04120100914035853,False,0.0,4.0,0.15000000000000002,3.5,1.35,0.15,0.01,31,4.48193359375
cantilever_gpu_medium_rho1e-02,cantilever_gpu_medium,0.01,32,40,2.99522008429294,0.04070874373629414,False,0.0,4.0,0.15000000000000002,3.5,1.35,0.15,0.01,31,4.48193359375
cantilever_gpu_medium_rho1e-02,cantilever_gpu_medium,0.01,33,40,2.992793765237179,0.04030660489401528,False,0.0,4.0,0.15000000000000002,3.5,1.35,0.15,0.01,29,4.48193359375
cantilever_gpu_medium_rho1e-02,cantilever_gpu_medium,0.01,34,40,2.991061756946455,0.04000193253295159,False,0.0,4.0,0.15000000000000002,3.5,1.35,0.15,0.01,31,4.48193359375
cantilever_gpu_medium_rho1e-02,cantilever_gpu_medium,0.01,35,40,2.989744025765842,0.03978262501676977,False,0.0,4.0,0.15000000000000002,3.5,1.35,0.15,0.01,27,4.48193359375
cantilever_gpu_medium_rho1e-02,cantilever_gpu_medium,0.01,36,40,2.9884133322135593,0.03963251262783551,False,0.0,4.0,0.15000000000000002,3.5,1.35,0.15,0.01,35,4.48193359375
cantilever_gpu_medium_rho1e-02,cantilever_gpu_medium,0.01,37,40,2.9868486346974863,0.03951274952726608,False,0.0,4.0,0.15000000000000002,3.5,1.35,0.15,0.01,32,4.48193359375
cantilever_gpu_medium_rho1e-02,cantilever_gpu_medium,0.01,38,40,2.985062690057475,0.03938327600399445,False,0.0,4.0,0.15000000000000002,3.5,1.35,0.15,0.01,34,4.48193359375
cantilever_gpu_medium_rho1e-02,cantilever_gpu_medium,0.01,39,40,2.9831876180369474,0.03916795732344238,False,0.0,4.0,0.15000000000000002,3.5,1.35,0.15,0.01,36,4.48193359375
cantilever_gpu_medium_rho1e-02,cantilever_gpu_medium,0.01,40,40,2.9813753965571266,0.03892516121731962,False,0.0,4.0,0.15000000000000002,3.5,1.35,0.15,0.01,31,4.48193359375
